Gender,Age,Height,family_history_with_overweight,FAVC,FCVC,NCP,CAEC,SMOKE,CH2O,SCC,FAF,TUE,CALC,MTRANS,Weight
Male,24.5,1.75,Yes,Yes,2.0,3.0,Sometimes,No,2.0,No,1.0,1.0,Sometimes,Public_Transportation,88.0
Female,30.2,1.65,Yes,Yes,3.0,2.5,Frequently,No,1.5,No,0.5,0.5,No,Automobile,75.0
Female,19.0,1.6,Yes,Yes,2.0,4.0,Sometimes,No,2.5,No,0.0,0.8,Sometimes,Public_Transportation,63.0
Male,35.0,1.8,No,No,2.5,3.0,No,No,3.0,No,2.0,0.0,No,Walking,72.0
Female,21.0,1.68,Yes,Yes,1.5,3.0,Always,No,2.0,No,0.0,1.5,Frequently,Public_Transportation,95.0
Male,28.0,1.72,Yes,Yes,2.0,1.5,Sometimes,No,1.0,Yes,1.5,0.5,Sometimes,Automobile,82.0
Female,45.0,1.55,Yes,Yes,3.0,2.0,Frequently,No,2.0,No,0.0,0.0,Sometimes,Automobile,68.0
Male,17.5,1.85,No,Yes,2.0,4.0,Sometimes,No,2.0,No,3.0,1.0,No,Bike,65.0
Female,23.0,1.7,Yes,Yes,2.0,3.0,Sometimes,No,2.0,No,2.0,0.0,No,Public_Transportation,110.0
Male,22.0,1.7,Yes,Yes,1.0,3.0,Sometimes,No,1.5,No,0.0,2.0,Sometimes,Public_Transportation,78.0
Female,18.0,1.63,No,No,3.0,3.0,Frequently,No,2.5,No,1.0,1.0,Sometimes,Walking,48.0
Male,33.0,1.78,Yes,Yes,2.5,2.0,Sometimes,No,3.0,No,0.5,0.5,No,Automobile,100.0
Female,26.0,1.6,Yes,Yes,2.0,1.0,Always,No,1.0,Yes,0.0,0.0,Frequently,Public_Transportation,86.0
Male,19.0,1.69,No,Yes,3.0,3.0,Sometimes,No,2.0,No,2.5,0.5,Sometimes,Public_Transportation,62.0
Female,34.0,1.72,Yes,Yes,2.0,3.0,Sometimes,No,2.0,No,1.0,1.0,No,Automobile,92.0
Male,25.0,1.76,Yes,Yes,2.0,3.0,Frequently,No,2.0,No,0.0,0.0,Sometimes,Public_Transportation,120.0
Female,20.0,1.5,No,Yes,1.0,2.0,Frequently,No,1.0,No,0.0,2.0,Sometimes,Public_Transportation,42.0
Male,30.0,1.82,Yes,No,3.0,3.0,Sometimes,No,2.0,No,3.0,0.0,No,Motorbike,85.0
Female,40.0,1.58,Yes,Yes,2.0,1.0,Sometimes,No,2.0,No,0.0,0.0,Sometimes,Automobile,70.0
Male,21.0,1.65,Yes,Yes,2.0,3.0,Sometimes,Yes,1.5,No,2.0,1.0,Sometimes,Public_Transportation,80.0
Male,28.0,1.75,Yes,Yes,2.0,3.0,Sometimes,No,2.0,No,1.0,0.5,No,Public_Transportation,82.0
Female,25.5,1.65,Yes,Yes,3.0,2.0,Frequently,No,1.5,No,0.0,1.0,Sometimes,Public_Transportation,95.0
Male,19.0,1.8,No,Yes,2.5,3.0,Sometimes,No,2.5,No,2.0,0.0,No,Walking,70.0
Female,32.0,1.68,Yes,Yes,1.5,1.0,Always,No,1.0,No,0.5,2.0,Sometimes,Automobile,88.0
Male,21.0,1.72,Yes,No,3.0,4.0,No,No,3.0,No,3.0,1.5,No,Bike,75.0
Female,18.5,1.58,No,Yes,2.0,3.0,Frequently,No,2.0,No,1.0,0.0,Sometimes,Public_Transportation,48.0
Male,35.0,1.76,Yes,Yes,2.0,2.5,Sometimes,No,2.0,No,0.0,0.0,Sometimes,Automobile,105.0
Female,22.3,1.7,Yes,Yes,2.8,3.0,Sometimes,No,2.2,No,1.2,0.8,No,Public_Transportation,85.5
Male,24.0,1.83,No,Yes,2.0,1.5,Sometimes,No,1.5,No,1.0,1.0,Sometimes,Automobile,78.0
Female,30.5,1.62,Yes,Yes,3.0,3.0,Frequently,No,1.0,No,0.0,0.5,Sometimes,Public_Transportation,90.0
Male,17.5,1.69,Yes,Yes,1.8,3.0,Sometimes,No,2.0,No,2.5,1.2,No,Public_Transportation,68.0
Female,40.0,1.55,Yes,No,2.0,2.0,Sometimes,No,2.0,No,1.5,0.0,Sometimes,Automobile,80.0
Male,26.0,1.78,Yes,Yes,2.5,3.0,Always,No,1.8,No,0.5,1.5,Sometimes,Public_Transportation,110.0
Female,22.0,1.66,No,Yes,2.0,3.0,Frequently,No,2.5,No,2.0,1.0,No,Walking,60.0
Male,29.0,1.74,Yes,Yes,3.0,1.0,Sometimes,No,2.0,No,0.0,0.0,Sometimes,Automobile,92.0
Female,19.8,1.63,Yes,Yes,2.2,3.0,Sometimes,No,1.2,No,1.0,1.8,Sometimes,Public_Transportation,78.0
Male,23.5,1.7,Yes,Yes,2.0,2.0,Frequently,No,1.5,No,0.0,0.5,No,Public_Transportation,85.0
Female,33.0,1.6,No,No,3.0,3.0,Sometimes,No,3.0,No,3.0,0.0,No,Walking,55.0
Male,20.0,1.85,Yes,Yes,1.0,3.0,Sometimes,No,2.0,No,1.0,1.0,Sometimes,Bike,80.0
Female,27.0,1.75,Yes,Yes,2.0,4.0,Always,No,1.0,No,0.0,2.0,Sometimes,Automobile,115.0
Female,28.0,1.65,Yes,Yes,2.0,3.0,Sometimes,No,2.0,No,1.0,1.0,No,Public_Transportation,82.0
Male,35.0,1.78,Yes,Yes,3.0,3.0,Sometimes,No,2.5,No,0.5,2.0,Sometimes,Automobile,98.0
Female,22.0,1.6,No,Yes,2.0,2.0,Frequently,No,1.5,No,2.0,0.5,Sometimes,Public_Transportation,55.0
Male,19.0,1.75,Yes,Yes,2.5,4.0,Always,No,1.0,No,0.0,1.5,No,Walking,88.0
Female,45.0,1.62,Yes,Yes,2.0,1.0,Sometimes,No,2.0,No,0.0,0.0,Sometimes,Automobile,75.0
Male,26.0,1.8,Yes,Yes,1.0,3.0,Sometimes,No,3.0,No,1.5,0.5,Frequently,Public_Transportation,105.0
Female,18.0,1.58,No,No,3.0,3.0,No,No,2.5,No,3.0,1.0,No,Bike,48.0
Male,32.0,1.72,Yes,Yes,2.0,2.5,Frequently,No,2.0,No,0.5,1.0,Sometimes,Public_Transportation,86.0
Female,24.0,1.7,Yes,Yes,3.0,3.0,Sometimes,No,2.0,Yes,0.0,2.0,Sometimes,Public_Transportation,110.0
Male,40.0,1.85,No,No,3.0,3.0,Sometimes,No,3.0,No,2.0,0.0,No,Automobile,78.0
Female,21.0,1.63,Yes,Yes,2.0,2.0,Frequently,No,1.0,No,1.0,0.0,Sometimes,Public_Transportation,65.0
Male,29.0,1.76,Yes,Yes,2.0,3.0,Sometimes,No,1.5,No,1.0,0.5,Sometimes,Public_Transportation,92.0
Female,50.0,1.55,Yes,Yes,2.0,1.0,Sometimes,No,2.0,No,0.0,1.0,No,Automobile,70.0
Male,17.0,1.7,Yes,Yes,2.0,4.0,Sometimes,No,2.0,No,2.5,1.0,No,Motorbike,62.0
Female,33.0,1.68,No,No,3.0,3.0,No,No,3.0,No,2.0,0.0,No,Walking,63.0
Male,22.0,1.82,Yes,Yes,1.5,3.0,Always,No,1.5,No,0.0,1.0,Frequently,Public_Transportation,115.0
Female,27.0,1.6,Yes,Yes,2.5,2.0,Sometimes,No,2.0,No,1.0,1.5,Sometimes,Public_Transportation,80.0
Male,38.0,1.73,Yes,Yes,2.0,1.5,Sometimes,No,2.0,No,0.5,0.0,No,Automobile,90.0
Female,20.0,1.75,Yes,Yes,3.0,3.0,Frequently,No,2.0,No,1.5,0.5,Sometimes,Walking,95.0
Male,23.0,1.68,No,Yes,2.0,3.0,Sometimes,Yes,2.0,No,2.0,1.0,No,Public_Transportation,72.0
Female,28.0,1.65,Yes,Yes,2.0,3.0,Sometimes,No,2.0,No,1.0,1.5,Sometimes,Public_Transportation,68.0
Male,35.0,1.78,Yes,Yes,2.5,2.0,Frequently,No,1.5,No,0.5,2.0,No,Automobile,92.0
Female,19.0,1.72,No,Yes,3.0,4.0,Sometimes,No,2.5,No,2.0,1.0,Sometimes,Walking,55.0
Male,45.0,1.75,Yes,No,3.0,3.0,Always,No,3.0,Yes,3.0,0.5,No,Bike,78.0
Female,22.0,1.6,Yes,Yes,2.0,3.0,Frequently,No,1.0,No,0.0,2.0,Sometimes,Public_Transportation,82.0
Male,30.0,1.82,Yes,Yes,1.5,2.5,Sometimes,No,2.0,No,1.5,0.8,Sometimes,Automobile,105.0
Female,26.0,1.58,No,Yes,2.0,1.0,Frequently,No,2.0,No,0.0,1.0,No,Public_Transportation,48.0
Male,39.0,1.7,Yes,Yes,2.0,3.0,Always,No,1.0,No,0.0,0.0,Sometimes,Automobile,110.0
Female,18.5,1.67,Yes,Yes,2.8,3.0,Sometimes,No,2.0,No,1.0,1.2,Sometimes,Public_Transportation,75.0
Male,20.0,1.85,No,Yes,2.0,3.0,Sometimes,No,2.0,No,2.5,1.0,No,Public_Transportation,70.0
Female,32.0,1.63,Yes,Yes,3.0,3.0,Frequently,No,2.5,No,0.5,0.5,No,Public_Transportation,90.0
Male,41.0,1.68,Yes,Yes,2.0,2.0,Sometimes,No,1.5,No,1.0,0.0,Sometimes,Automobile,85.0
Female,25.0,1.7,Yes,No,2.0,3.0,Sometimes,No,3.0,No,2.0,1.5,Sometimes,Walking,62.0
Male,33.0,1.76,No,Yes,1.0,4.0,Frequently,Yes,2.0,No,0.0,2.0,Frequently,Motorbike,95.0
Female,21.0,1.55,Yes,Yes,2.0,2.0,Sometimes,No,1.0,No,0.0,1.0,Sometimes,Public_Transportation,58.0
Male,29.0,1.8,Yes,Yes,2.5,3.0,Sometimes,No,2.0,No,1.0,0.0,No,Automobile,100.0
Female,50.0,1.65,No,No,3.0,3.0,No,No,2.0,No,1.0,0.5,No,Automobile,65.0
Male,17.5,1.7,Yes,Yes,2.0,3.0,Frequently,No,1.5,No,0.0,1.0,Sometimes,Public_Transportation,62.0
Female,23.0,1.68,Yes,Yes,3.0,4.0,Sometimes,No,2.0,No,2.0,0.8,Sometimes,Public_Transportation,80.0
Male,22.0,1.74,Yes,Yes,2.0,2.0,Always,No,1.0,No,0.0,0.0,Sometimes,Public_Transportation,115.0
Female,28.0,1.65,Yes,Yes,2.0,3.0,Sometimes,No,2.5,No,1.0,1.5,No,Public_Transportation,82.0
Male,35.0,1.78,Yes,Yes,1.5,2.0,Frequently,No,1.8,No,0.5,2.0,Sometimes,Automobile,98.5
Female,22.5,1.62,No,Yes,3.0,3.0,Sometimes,No,2.0,No,2.5,0.8,Sometimes,Walking,60.0
Male,19.0,1.75,Yes,Yes,2.0,4.0,Always,No,1.0,No,0.0,1.0,No,Public_Transportation,95.0
Female,45.0,1.6,Yes,No,2.5,2.0,No,No,3.0,No,0.0,0.5,No,Automobile,78.0
Male,24.0,1.83,Yes,Yes,1.0,3.0,Sometimes,No,2.0,No,1.5,0.2,Sometimes,Bike,88.0
Female,21.0,1.68,Yes,Yes,3.0,3.0,Frequently,No,2.0,No,0.0,2.0,Sometimes,Public_Transportation,110.0
Male,30.0,1.7,No,Yes,2.0,1.5,Sometimes,No,1.5,No,2.0,0.0,No,Automobile,68.0
Female,33.0,1.55,Yes,Yes,2.0,3.0,Sometimes,No,2.0,No,1.0,1.0,Frequently,Public_Transportation,72.0
Male,26.0,1.8,Yes,Yes,2.8,3.0,Sometimes,No,2.2,No,1.0,0.5,Sometimes,Public_Transportation,105.0
Female,18.5,1.7,No,No,3.0,2.0,Frequently,No,2.5,No,3.0,0.0,No,Walking,50.0
Male,40.0,1.76,Yes,Yes,2.0,2.5,Always,No,1.0,No,0.0,1.5,Sometimes,Automobile,115.0
Female,29.0,1.63,Yes,Yes,1.5,3.0,Sometimes,No,1.8,No,0.5,1.0,No,Public_Transportation,85.0
Male,22.0,1.72,Yes,Yes,2.0,4.0,Sometimes,No,2.0,No,2.0,0.0,Sometimes,Public_Transportation,80.0
Female,38.0,1.58,Yes,No,3.0,1.0,No,No,2.0,No,1.0,0.0,No,Automobile,65.0
Male,20.0,1.85,No,Yes,2.5,3.0,Frequently,No,2.0,No,2.5,0.5,Sometimes,Public_Transportation,75.0
Female,25.0,1.66,Yes,Yes,3.0,3.0,Sometimes,No,3.0,No,0.0,0.8,Sometimes,Public_Transportation,100.0
Male,50.0,1.7,Yes,Yes,2.0,2.0,Sometimes,No,1.5,No,0.0,1.0,No,Automobile,90.0
Female,17.0,1.6,No,Yes,2.0,3.0,Frequently,No,1.0,No,1.0,2.0,Frequently,Walking,55.0
Male,32.0,1.79,Yes,Yes,1.0,3.0,Always,No,2.0,No,0.0,0.0,Sometimes,Motorbike,120.0
