dataset,seed,n_samples,synthetic_data_path,metrics_path,line_count,train_size,task_type,accuracy,f1,precision,recall,auc_roc,mae,mse,rmse,r2
adult,42,100,results/adult/100_shot/paft_fd_prior_deepseek-v4-flash/seed_42/n100/synthetic_data.csv,results/adult/100_shot/paft_fd_prior_deepseek-v4-flash/seed_42/n100/metrics.json,101,200,classification,0.8017570031493453,0.5989268947015426,0.6033783783783784,0.5945406125166445,0.8492958406667958,,,,
adult,42,1000,results/adult/100_shot/paft_fd_prior_deepseek-v4-flash/seed_42/n1000/synthetic_data.csv,results/adult/100_shot/paft_fd_prior_deepseek-v4-flash/seed_42/n1000/metrics.json,1001,1100,classification,0.7879993369799436,0.5971653543307086,0.56664674237896,0.6311584553928096,0.8418663293347413,,,,
adult,42,200,results/adult/100_shot/paft_fd_prior_deepseek-v4-flash/seed_42/n200/synthetic_data.csv,results/adult/100_shot/paft_fd_prior_deepseek-v4-flash/seed_42/n200/metrics.json,201,300,classification,0.7982761478534726,0.6016366612111292,0.5917578879587895,0.6118508655126498,0.8489830817792858,,,,
adult,42,500,results/adult/100_shot/paft_fd_prior_deepseek-v4-flash/seed_42/n500/synthetic_data.csv,results/adult/100_shot/paft_fd_prior_deepseek-v4-flash/seed_42/n500/metrics.json,501,600,classification,0.7954583126139566,0.6097406704617331,0.5807228915662651,0.6418109187749668,0.8429628589086398,,,,
adult,43,100,results/adult/100_shot/paft_fd_prior_deepseek-v4-flash/seed_43/n100/synthetic_data.csv,results/adult/100_shot/paft_fd_prior_deepseek-v4-flash/seed_43/n100/metrics.json,101,200,classification,0.8059008785015747,0.5991098938719617,0.616631430584919,0.5825565912117177,0.8318662000287412,,,,
adult,43,1000,results/adult/100_shot/paft_fd_prior_deepseek-v4-flash/seed_43/n1000/synthetic_data.csv,results/adult/100_shot/paft_fd_prior_deepseek-v4-flash/seed_43/n1000/metrics.json,1001,1100,classification,0.7908171722194597,0.6028949024543738,0.5715990453460621,0.6378162450066578,0.839554690707395,,,,
adult,43,200,results/adult/100_shot/paft_fd_prior_deepseek-v4-flash/seed_43/n200/synthetic_data.csv,results/adult/100_shot/paft_fd_prior_deepseek-v4-flash/seed_43/n200/metrics.json,201,300,classification,0.8049063484170396,0.615485135576609,0.6042334830019244,0.6271637816245007,0.8421150229767945,,,,
adult,43,500,results/adult/100_shot/paft_fd_prior_deepseek-v4-flash/seed_43/n500/synthetic_data.csv,results/adult/100_shot/paft_fd_prior_deepseek-v4-flash/seed_43/n500/metrics.json,501,600,classification,0.7956240676280457,0.5942744323790721,0.5875081327260898,0.6011984021304927,0.8396477763335343,,,,
adult,44,100,results/adult/100_shot/paft_fd_prior_deepseek-v4-flash/seed_44/n100/synthetic_data.csv,results/adult/100_shot/paft_fd_prior_deepseek-v4-flash/seed_44/n100/metrics.json,101,200,classification,0.8161776893751036,0.5775238095238096,0.6749777382012466,0.5046604527296937,0.8496940443713539,,,,
adult,44,1000,results/adult/100_shot/paft_fd_prior_deepseek-v4-flash/seed_44/n1000/synthetic_data.csv,results/adult/100_shot/paft_fd_prior_deepseek-v4-flash/seed_44/n1000/metrics.json,1001,1100,classification,0.79678435272667,0.602979274611399,0.5870113493064313,0.6198402130492676,0.8423442472495293,,,,
adult,44,200,results/adult/100_shot/paft_fd_prior_deepseek-v4-flash/seed_44/n200/synthetic_data.csv,results/adult/100_shot/paft_fd_prior_deepseek-v4-flash/seed_44/n200/metrics.json,201,300,classification,0.8115365489806067,0.5884907709011944,0.6447264076130056,0.5412782956058588,0.8454290769814455,,,,
adult,44,500,results/adult/100_shot/paft_fd_prior_deepseek-v4-flash/seed_44/n500/synthetic_data.csv,results/adult/100_shot/paft_fd_prior_deepseek-v4-flash/seed_44/n500/metrics.json,501,600,classification,0.8098789988397149,0.6131534569983137,0.621326042378674,0.6051930758988016,0.8459187499871429,,,,
adult,45,100,results/adult/100_shot/paft_fd_prior_deepseek-v4-flash/seed_45/n100/synthetic_data.csv,results/adult/100_shot/paft_fd_prior_deepseek-v4-flash/seed_45/n100/metrics.json,101,200,classification,0.8059008785015747,0.6110926602457655,0.6096752816434725,0.6125166444740346,0.8548201456396988,,,,
adult,45,1000,results/adult/100_shot/paft_fd_prior_deepseek-v4-flash/seed_45/n1000/synthetic_data.csv,results/adult/100_shot/paft_fd_prior_deepseek-v4-flash/seed_45/n1000/metrics.json,1001,1100,classification,0.8163434443891928,0.6466836734693877,0.620563035495716,0.6750998668442078,0.8714169380868177,,,,
adult,45,200,results/adult/100_shot/paft_fd_prior_deepseek-v4-flash/seed_45/n200/synthetic_data.csv,results/adult/100_shot/paft_fd_prior_deepseek-v4-flash/seed_45/n200/metrics.json,201,300,classification,0.8181667495441737,0.6462431473718155,0.626641651031895,0.6671105193075899,0.8714216401231816,,,,
adult,45,500,results/adult/100_shot/paft_fd_prior_deepseek-v4-flash/seed_45/n500/synthetic_data.csv,results/adult/100_shot/paft_fd_prior_deepseek-v4-flash/seed_45/n500/metrics.json,501,600,classification,0.813691364163766,0.6415816326530612,0.6156670746634026,0.6697736351531292,0.8666445915855296,,,,
adult,46,100,results/adult/100_shot/paft_fd_prior_deepseek-v4-flash/seed_46/n100/synthetic_data.csv,results/adult/100_shot/paft_fd_prior_deepseek-v4-flash/seed_46/n100/metrics.json,101,200,classification,0.8049063484170396,0.5860007034822371,0.6211782252050708,0.5545938748335553,0.845332024012124,,,,
adult,46,1000,results/adult/100_shot/paft_fd_prior_deepseek-v4-flash/seed_46/n1000/synthetic_data.csv,results/adult/100_shot/paft_fd_prior_deepseek-v4-flash/seed_46/n1000/metrics.json,1001,1100,classification,0.8042433283606829,0.5854685854685855,0.6191536748329621,0.5552596537949401,0.8569628783045398,,,,
adult,46,200,results/adult/100_shot/paft_fd_prior_deepseek-v4-flash/seed_46/n200/synthetic_data.csv,results/adult/100_shot/paft_fd_prior_deepseek-v4-flash/seed_46/n200/metrics.json,201,300,classification,0.8015912481352561,0.5862426546837193,0.6096333572969087,0.5645805592543276,0.8496373260577158,,,,
adult,46,500,results/adult/100_shot/paft_fd_prior_deepseek-v4-flash/seed_46/n500/synthetic_data.csv,results/adult/100_shot/paft_fd_prior_deepseek-v4-flash/seed_46/n500/metrics.json,501,600,classification,0.7941322725012432,0.5580071174377225,0.599388379204893,0.521970705725699,0.8408725833369823,,,,
anxiety,42,100,results/anxiety/100_shot/paft_fd_prior_deepseek-v4-flash/seed_42/n100/synthetic_data.csv,results/anxiety/100_shot/paft_fd_prior_deepseek-v4-flash/seed_42/n100/metrics.json,101,200,classification,0.7272727272727273,0.7272727272727273,0.7272727272727273,0.7272727272727273,0.8624256689905171,,,,
anxiety,42,1000,results/anxiety/100_shot/paft_fd_prior_deepseek-v4-flash/seed_42/n1000/synthetic_data.csv,results/anxiety/100_shot/paft_fd_prior_deepseek-v4-flash/seed_42/n1000/metrics.json,1001,1100,classification,0.7331818181818182,0.7331818181818182,0.7331818181818182,0.7331818181818182,0.8718331172987988,,,,
anxiety,42,200,results/anxiety/100_shot/paft_fd_prior_deepseek-v4-flash/seed_42/n200/synthetic_data.csv,results/anxiety/100_shot/paft_fd_prior_deepseek-v4-flash/seed_42/n200/metrics.json,201,300,classification,0.7413636363636363,0.7413636363636363,0.7413636363636363,0.7413636363636363,0.8744540023450348,,,,
anxiety,42,500,results/anxiety/100_shot/paft_fd_prior_deepseek-v4-flash/seed_42/n500/synthetic_data.csv,results/anxiety/100_shot/paft_fd_prior_deepseek-v4-flash/seed_42/n500/metrics.json,501,600,classification,0.7318181818181818,0.7318181818181818,0.7318181818181818,0.7318181818181818,0.8681508315215986,,,,
anxiety,43,100,results/anxiety/100_shot/paft_fd_prior_deepseek-v4-flash/seed_43/n100/synthetic_data.csv,results/anxiety/100_shot/paft_fd_prior_deepseek-v4-flash/seed_43/n100/metrics.json,101,200,classification,0.7213636363636363,0.7213636363636363,0.7213636363636363,0.7213636363636363,0.8523515320925409,,,,
anxiety,43,1000,results/anxiety/100_shot/paft_fd_prior_deepseek-v4-flash/seed_43/n1000/synthetic_data.csv,results/anxiety/100_shot/paft_fd_prior_deepseek-v4-flash/seed_43/n1000/metrics.json,1001,1100,classification,0.715,0.715,0.715,0.715,0.8542542082041474,,,,
anxiety,43,200,results/anxiety/100_shot/paft_fd_prior_deepseek-v4-flash/seed_43/n200/synthetic_data.csv,results/anxiety/100_shot/paft_fd_prior_deepseek-v4-flash/seed_43/n200/metrics.json,201,300,classification,0.7068181818181818,0.7068181818181818,0.7068181818181818,0.7068181818181818,0.8456973093471277,,,,
anxiety,43,500,results/anxiety/100_shot/paft_fd_prior_deepseek-v4-flash/seed_43/n500/synthetic_data.csv,results/anxiety/100_shot/paft_fd_prior_deepseek-v4-flash/seed_43/n500/metrics.json,501,600,classification,0.7204545454545455,0.7204545454545455,0.7204545454545455,0.7204545454545455,0.850776990107894,,,,
anxiety,44,100,results/anxiety/100_shot/paft_fd_prior_deepseek-v4-flash/seed_44/n100/synthetic_data.csv,results/anxiety/100_shot/paft_fd_prior_deepseek-v4-flash/seed_44/n100/metrics.json,101,200,classification,0.7286363636363636,0.7286363636363636,0.7286363636363636,0.7286363636363636,0.8643841412188347,,,,
anxiety,44,1000,results/anxiety/100_shot/paft_fd_prior_deepseek-v4-flash/seed_44/n1000/synthetic_data.csv,results/anxiety/100_shot/paft_fd_prior_deepseek-v4-flash/seed_44/n1000/metrics.json,1001,1100,classification,0.7086363636363636,0.7086363636363636,0.7086363636363636,0.7086363636363636,0.86065372136984,,,,
anxiety,44,200,results/anxiety/100_shot/paft_fd_prior_deepseek-v4-flash/seed_44/n200/synthetic_data.csv,results/anxiety/100_shot/paft_fd_prior_deepseek-v4-flash/seed_44/n200/metrics.json,201,300,classification,0.7213636363636363,0.7213636363636363,0.7213636363636363,0.7213636363636363,0.864410983329232,,,,
anxiety,44,500,results/anxiety/100_shot/paft_fd_prior_deepseek-v4-flash/seed_44/n500/synthetic_data.csv,results/anxiety/100_shot/paft_fd_prior_deepseek-v4-flash/seed_44/n500/metrics.json,501,600,classification,0.7240909090909091,0.7240909090909091,0.7240909090909091,0.7240909090909091,0.863974816788757,,,,
anxiety,45,100,results/anxiety/100_shot/paft_fd_prior_deepseek-v4-flash/seed_45/n100/synthetic_data.csv,results/anxiety/100_shot/paft_fd_prior_deepseek-v4-flash/seed_45/n100/metrics.json,101,200,classification,0.7595454545454545,0.7595454545454545,0.7595454545454545,0.7595454545454545,0.8878967778670473,,,,
anxiety,45,1000,results/anxiety/100_shot/paft_fd_prior_deepseek-v4-flash/seed_45/n1000/synthetic_data.csv,results/anxiety/100_shot/paft_fd_prior_deepseek-v4-flash/seed_45/n1000/metrics.json,1001,1100,classification,0.740909090909091,0.740909090909091,0.740909090909091,0.740909090909091,0.8787884227979231,,,,
anxiety,45,200,results/anxiety/100_shot/paft_fd_prior_deepseek-v4-flash/seed_45/n200/synthetic_data.csv,results/anxiety/100_shot/paft_fd_prior_deepseek-v4-flash/seed_45/n200/metrics.json,201,300,classification,0.75,0.75,0.75,0.75,0.8818861720236192,,,,
anxiety,45,500,results/anxiety/100_shot/paft_fd_prior_deepseek-v4-flash/seed_45/n500/synthetic_data.csv,results/anxiety/100_shot/paft_fd_prior_deepseek-v4-flash/seed_45/n500/metrics.json,501,600,classification,0.7418181818181818,0.7418181818181818,0.7418181818181818,0.7418181818181818,0.8790364974900579,,,,
anxiety,46,100,results/anxiety/100_shot/paft_fd_prior_deepseek-v4-flash/seed_46/n100/synthetic_data.csv,results/anxiety/100_shot/paft_fd_prior_deepseek-v4-flash/seed_46/n100/metrics.json,101,200,classification,0.7481818181818182,0.7481818181818182,0.7481818181818182,0.7481818181818182,0.8670470644603331,,,,
anxiety,46,1000,results/anxiety/100_shot/paft_fd_prior_deepseek-v4-flash/seed_46/n1000/synthetic_data.csv,results/anxiety/100_shot/paft_fd_prior_deepseek-v4-flash/seed_46/n1000/metrics.json,1001,1100,classification,0.7559090909090909,0.7559090909090909,0.7559090909090909,0.7559090909090909,0.8700002917482544,,,,
anxiety,46,200,results/anxiety/100_shot/paft_fd_prior_deepseek-v4-flash/seed_46/n200/synthetic_data.csv,results/anxiety/100_shot/paft_fd_prior_deepseek-v4-flash/seed_46/n200/metrics.json,201,300,classification,0.7663636363636364,0.7663636363636364,0.7663636363636364,0.7663636363636364,0.8688751184113831,,,,
anxiety,46,500,results/anxiety/100_shot/paft_fd_prior_deepseek-v4-flash/seed_46/n500/synthetic_data.csv,results/anxiety/100_shot/paft_fd_prior_deepseek-v4-flash/seed_46/n500/metrics.json,501,600,classification,0.7372727272727273,0.7372727272727273,0.7372727272727273,0.7372727272727273,0.8618981729035623,,,,
churn,42,100,results/churn/100_shot/paft_fd_prior_deepseek-v4-flash/seed_42/n100/synthetic_data.csv,results/churn/100_shot/paft_fd_prior_deepseek-v4-flash/seed_42/n100/metrics.json,101,200,classification,0.8809523809523809,0.6113989637305699,0.6276595744680851,0.5959595959595959,0.9018147577469611,,,,
churn,42,1000,results/churn/100_shot/paft_fd_prior_deepseek-v4-flash/seed_42/n1000/synthetic_data.csv,results/churn/100_shot/paft_fd_prior_deepseek-v4-flash/seed_42/n1000/metrics.json,1001,1100,classification,0.8793650793650793,0.6346153846153846,0.6055045871559633,0.6666666666666666,0.877494340771177,,,,
churn,42,200,results/churn/100_shot/paft_fd_prior_deepseek-v4-flash/seed_42/n200/synthetic_data.csv,results/churn/100_shot/paft_fd_prior_deepseek-v4-flash/seed_42/n200/metrics.json,201,300,classification,0.8825396825396825,0.6336633663366337,0.6213592233009708,0.6464646464646465,0.9089957960014458,,,,
churn,42,500,results/churn/100_shot/paft_fd_prior_deepseek-v4-flash/seed_42/n500/synthetic_data.csv,results/churn/100_shot/paft_fd_prior_deepseek-v4-flash/seed_42/n500/metrics.json,501,600,classification,0.8777777777777778,0.6169154228855721,0.6078431372549019,0.6262626262626263,0.8830394338868914,,,,
churn,43,100,results/churn/100_shot/paft_fd_prior_deepseek-v4-flash/seed_43/n100/synthetic_data.csv,results/churn/100_shot/paft_fd_prior_deepseek-v4-flash/seed_43/n100/metrics.json,101,200,classification,0.8650793650793651,0.5641025641025641,0.5729166666666666,0.5555555555555556,0.8187334741007057,,,,
churn,43,1000,results/churn/100_shot/paft_fd_prior_deepseek-v4-flash/seed_43/n1000/synthetic_data.csv,results/churn/100_shot/paft_fd_prior_deepseek-v4-flash/seed_43/n1000/metrics.json,1001,1100,classification,0.8650793650793651,0.6118721461187214,0.5583333333333333,0.6767676767676768,0.8767524586733626,,,,
churn,43,200,results/churn/100_shot/paft_fd_prior_deepseek-v4-flash/seed_43/n200/synthetic_data.csv,results/churn/100_shot/paft_fd_prior_deepseek-v4-flash/seed_43/n200/metrics.json,201,300,classification,0.8714285714285714,0.6197183098591549,0.5789473684210527,0.6666666666666666,0.8608305274971941,,,,
churn,43,500,results/churn/100_shot/paft_fd_prior_deepseek-v4-flash/seed_43/n500/synthetic_data.csv,results/churn/100_shot/paft_fd_prior_deepseek-v4-flash/seed_43/n500/metrics.json,501,600,classification,0.8666666666666667,0.6181818181818182,0.5619834710743802,0.6868686868686869,0.8766953908196846,,,,
churn,44,100,results/churn/100_shot/paft_fd_prior_deepseek-v4-flash/seed_44/n100/synthetic_data.csv,results/churn/100_shot/paft_fd_prior_deepseek-v4-flash/seed_44/n100/metrics.json,101,200,classification,0.8365079365079365,0.5422222222222223,0.48412698412698413,0.6161616161616161,0.881498601837585,,,,
churn,44,1000,results/churn/100_shot/paft_fd_prior_deepseek-v4-flash/seed_44/n1000/synthetic_data.csv,results/churn/100_shot/paft_fd_prior_deepseek-v4-flash/seed_44/n1000/metrics.json,1001,1100,classification,0.8317460317460318,0.5583333333333333,0.475177304964539,0.6767676767676768,0.8948810135250813,,,,
churn,44,200,results/churn/100_shot/paft_fd_prior_deepseek-v4-flash/seed_44/n200/synthetic_data.csv,results/churn/100_shot/paft_fd_prior_deepseek-v4-flash/seed_44/n200/metrics.json,201,300,classification,0.8285714285714286,0.5423728813559322,0.46715328467153283,0.6464646464646465,0.8867107991401776,,,,
churn,44,500,results/churn/100_shot/paft_fd_prior_deepseek-v4-flash/seed_44/n500/synthetic_data.csv,results/churn/100_shot/paft_fd_prior_deepseek-v4-flash/seed_44/n500/metrics.json,501,600,classification,0.8476190476190476,0.5966386554621849,0.5107913669064749,0.7171717171717171,0.9002929483155472,,,,
churn,45,100,results/churn/100_shot/paft_fd_prior_deepseek-v4-flash/seed_45/n100/synthetic_data.csv,results/churn/100_shot/paft_fd_prior_deepseek-v4-flash/seed_45/n100/metrics.json,101,200,classification,0.8666666666666667,0.6557377049180327,0.5517241379310345,0.8080808080808081,0.8878902014495235,,,,
churn,45,1000,results/churn/100_shot/paft_fd_prior_deepseek-v4-flash/seed_45/n1000/synthetic_data.csv,results/churn/100_shot/paft_fd_prior_deepseek-v4-flash/seed_45/n1000/metrics.json,1001,1100,classification,0.8047619047619048,0.5653710247349824,0.43478260869565216,0.8080808080808081,0.8773136259011965,,,,
churn,45,200,results/churn/100_shot/paft_fd_prior_deepseek-v4-flash/seed_45/n200/synthetic_data.csv,results/churn/100_shot/paft_fd_prior_deepseek-v4-flash/seed_45/n200/metrics.json,201,300,classification,0.8777777777777778,0.6778242677824268,0.5785714285714286,0.8181818181818182,0.8860545188228803,,,,
churn,45,500,results/churn/100_shot/paft_fd_prior_deepseek-v4-flash/seed_45/n500/synthetic_data.csv,results/churn/100_shot/paft_fd_prior_deepseek-v4-flash/seed_45/n500/metrics.json,501,600,classification,0.8269841269841269,0.6007326007326007,0.47126436781609193,0.8282828282828283,0.8819741672849017,,,,
churn,46,100,results/churn/100_shot/paft_fd_prior_deepseek-v4-flash/seed_46/n100/synthetic_data.csv,results/churn/100_shot/paft_fd_prior_deepseek-v4-flash/seed_46/n100/metrics.json,101,200,classification,0.861904761904762,0.5671641791044776,0.5588235294117647,0.5757575757575758,0.8812322851870875,,,,
churn,46,1000,results/churn/100_shot/paft_fd_prior_deepseek-v4-flash/seed_46/n1000/synthetic_data.csv,results/churn/100_shot/paft_fd_prior_deepseek-v4-flash/seed_46/n1000/metrics.json,1001,1100,classification,0.8698412698412699,0.6611570247933884,0.5594405594405595,0.8080808080808081,0.8977914740626604,,,,
churn,46,200,results/churn/100_shot/paft_fd_prior_deepseek-v4-flash/seed_46/n200/synthetic_data.csv,results/churn/100_shot/paft_fd_prior_deepseek-v4-flash/seed_46/n200/metrics.json,201,300,classification,0.8587301587301587,0.593607305936073,0.5416666666666666,0.6565656565656566,0.8777891913485133,,,,
churn,46,500,results/churn/100_shot/paft_fd_prior_deepseek-v4-flash/seed_46/n500/synthetic_data.csv,results/churn/100_shot/paft_fd_prior_deepseek-v4-flash/seed_46/n500/metrics.json,501,600,classification,0.8587301587301587,0.6147186147186147,0.5378787878787878,0.7171717171717171,0.8912191595807415,,,,
compas,42,100,results/compas/100_shot/paft_fd_prior_deepseek-v4-flash/seed_42/n100/synthetic_data.csv,results/compas/100_shot/paft_fd_prior_deepseek-v4-flash/seed_42/n100/metrics.json,101,200,classification,0.6609848484848485,0.659047619047619,0.6256781193490054,0.6961770623742455,0.7021844843659453,,,,
compas,42,1000,results/compas/100_shot/paft_fd_prior_deepseek-v4-flash/seed_42/n1000/synthetic_data.csv,results/compas/100_shot/paft_fd_prior_deepseek-v4-flash/seed_42/n1000/metrics.json,1001,1100,classification,0.6818181818181818,0.656441717791411,0.6673596673596673,0.6458752515090543,0.7184826310276687,,,,
compas,42,200,results/compas/100_shot/paft_fd_prior_deepseek-v4-flash/seed_42/n200/synthetic_data.csv,results/compas/100_shot/paft_fd_prior_deepseek-v4-flash/seed_42/n200/metrics.json,201,300,classification,0.6619318181818182,0.6583732057416268,0.6277372262773723,0.6921529175050302,0.7038024209658669,,,,
compas,42,500,results/compas/100_shot/paft_fd_prior_deepseek-v4-flash/seed_42/n500/synthetic_data.csv,results/compas/100_shot/paft_fd_prior_deepseek-v4-flash/seed_42/n500/metrics.json,501,600,classification,0.6751893939393939,0.6600594648166501,0.650390625,0.670020120724346,0.7140139585275517,,,,
compas,43,100,results/compas/100_shot/paft_fd_prior_deepseek-v4-flash/seed_43/n100/synthetic_data.csv,results/compas/100_shot/paft_fd_prior_deepseek-v4-flash/seed_43/n100/metrics.json,101,200,classification,0.6799242424242424,0.675,0.6464088397790055,0.7062374245472837,0.7239861350572127,,,,
compas,43,1000,results/compas/100_shot/paft_fd_prior_deepseek-v4-flash/seed_43/n1000/synthetic_data.csv,results/compas/100_shot/paft_fd_prior_deepseek-v4-flash/seed_43/n1000/metrics.json,1001,1100,classification,0.6770833333333334,0.6572864321608041,0.6566265060240963,0.6579476861167002,0.7294644431886489,,,,
compas,43,200,results/compas/100_shot/paft_fd_prior_deepseek-v4-flash/seed_43/n200/synthetic_data.csv,results/compas/100_shot/paft_fd_prior_deepseek-v4-flash/seed_43/n200/metrics.json,201,300,classification,0.6856060606060606,0.6686626746506986,0.6633663366336634,0.6740442655935613,0.7267630829700925,,,,
compas,43,500,results/compas/100_shot/paft_fd_prior_deepseek-v4-flash/seed_43/n500/synthetic_data.csv,results/compas/100_shot/paft_fd_prior_deepseek-v4-flash/seed_43/n500/metrics.json,501,600,classification,0.6837121212121212,0.6725490196078432,0.655831739961759,0.6901408450704225,0.7222476180877754,,,,
compas,44,100,results/compas/100_shot/paft_fd_prior_deepseek-v4-flash/seed_44/n100/synthetic_data.csv,results/compas/100_shot/paft_fd_prior_deepseek-v4-flash/seed_44/n100/metrics.json,101,200,classification,0.6335227272727273,0.60790273556231,0.6122448979591837,0.6036217303822937,0.6856415775511746,,,,
compas,44,1000,results/compas/100_shot/paft_fd_prior_deepseek-v4-flash/seed_44/n1000/synthetic_data.csv,results/compas/100_shot/paft_fd_prior_deepseek-v4-flash/seed_44/n1000/metrics.json,1001,1100,classification,0.6695075757575758,0.6375908618899273,0.6587982832618026,0.6177062374245473,0.7011784481486414,,,,
compas,44,200,results/compas/100_shot/paft_fd_prior_deepseek-v4-flash/seed_44/n200/synthetic_data.csv,results/compas/100_shot/paft_fd_prior_deepseek-v4-flash/seed_44/n200/metrics.json,201,300,classification,0.6429924242424242,0.6060606060606061,0.6304347826086957,0.5835010060362174,0.6989234152679944,,,,
compas,44,500,results/compas/100_shot/paft_fd_prior_deepseek-v4-flash/seed_44/n500/synthetic_data.csv,results/compas/100_shot/paft_fd_prior_deepseek-v4-flash/seed_44/n500/metrics.json,501,600,classification,0.665719696969697,0.6311389759665622,0.6565217391304348,0.607645875251509,0.7016733675757587,,,,
compas,45,100,results/compas/100_shot/paft_fd_prior_deepseek-v4-flash/seed_45/n100/synthetic_data.csv,results/compas/100_shot/paft_fd_prior_deepseek-v4-flash/seed_45/n100/metrics.json,101,200,classification,0.6325757575757576,0.5898520084566596,0.621380846325167,0.5613682092555332,0.6562325653383629,,,,
compas,45,1000,results/compas/100_shot/paft_fd_prior_deepseek-v4-flash/seed_45/n1000/synthetic_data.csv,results/compas/100_shot/paft_fd_prior_deepseek-v4-flash/seed_45/n1000/metrics.json,1001,1100,classification,0.6685606060606061,0.6162280701754386,0.6771084337349398,0.5653923541247485,0.6917155887021593,,,,
compas,45,200,results/compas/100_shot/paft_fd_prior_deepseek-v4-flash/seed_45/n200/synthetic_data.csv,results/compas/100_shot/paft_fd_prior_deepseek-v4-flash/seed_45/n200/metrics.json,201,300,classification,0.6524621212121212,0.6074866310160428,0.6484018264840182,0.5714285714285714,0.6821897395104077,,,,
compas,45,500,results/compas/100_shot/paft_fd_prior_deepseek-v4-flash/seed_45/n500/synthetic_data.csv,results/compas/100_shot/paft_fd_prior_deepseek-v4-flash/seed_45/n500/metrics.json,501,600,classification,0.6647727272727273,0.6118421052631579,0.672289156626506,0.5613682092555332,0.6883087433365848,,,,
compas,46,100,results/compas/100_shot/paft_fd_prior_deepseek-v4-flash/seed_46/n100/synthetic_data.csv,results/compas/100_shot/paft_fd_prior_deepseek-v4-flash/seed_46/n100/metrics.json,101,200,classification,0.6590909090909091,0.6288659793814433,0.6448202959830867,0.613682092555332,0.6914978241542277,,,,
compas,46,1000,results/compas/100_shot/paft_fd_prior_deepseek-v4-flash/seed_46/n1000/synthetic_data.csv,results/compas/100_shot/paft_fd_prior_deepseek-v4-flash/seed_46/n1000/metrics.json,1001,1100,classification,0.6524621212121212,0.6258919469928644,0.6342975206611571,0.6177062374245473,0.7062878163434991,,,,
compas,46,200,results/compas/100_shot/paft_fd_prior_deepseek-v4-flash/seed_46/n200/synthetic_data.csv,results/compas/100_shot/paft_fd_prior_deepseek-v4-flash/seed_46/n200/metrics.json,201,300,classification,0.646780303030303,0.6310583580613254,0.6206225680933852,0.641851106639839,0.689827696051083,,,,
compas,46,500,results/compas/100_shot/paft_fd_prior_deepseek-v4-flash/seed_46/n500/synthetic_data.csv,results/compas/100_shot/paft_fd_prior_deepseek-v4-flash/seed_46/n500/metrics.json,501,600,classification,0.6420454545454546,0.6264822134387352,0.6155339805825243,0.6378269617706237,0.6920071412374065,,,,
obesity_reg,42,100,results/obesity_reg/100_shot/paft_fd_prior_deepseek-v4-flash/seed_42/n100/synthetic_data.csv,results/obesity_reg/100_shot/paft_fd_prior_deepseek-v4-flash/seed_42/n100/metrics.json,101,200,regression,,,,,,12.674400668134973,295.5530261734795,17.191655713557072,0.5808418045708452
obesity_reg,42,1000,results/obesity_reg/100_shot/paft_fd_prior_deepseek-v4-flash/seed_42/n1000/synthetic_data.csv,results/obesity_reg/100_shot/paft_fd_prior_deepseek-v4-flash/seed_42/n1000/metrics.json,1001,1100,regression,,,,,,14.509452410447718,369.3711559604871,19.219031087973377,0.4761517106405748
obesity_reg,42,200,results/obesity_reg/100_shot/paft_fd_prior_deepseek-v4-flash/seed_42/n200/synthetic_data.csv,results/obesity_reg/100_shot/paft_fd_prior_deepseek-v4-flash/seed_42/n200/metrics.json,201,300,regression,,,,,,13.337082443626601,318.9518302102225,17.859222553353842,0.5476572332530583
obesity_reg,42,500,results/obesity_reg/100_shot/paft_fd_prior_deepseek-v4-flash/seed_42/n500/synthetic_data.csv,results/obesity_reg/100_shot/paft_fd_prior_deepseek-v4-flash/seed_42/n500/metrics.json,501,600,regression,,,,,,13.922298482863408,347.6900177069518,18.646447857620277,0.5069002599038386
obesity_reg,43,100,results/obesity_reg/100_shot/paft_fd_prior_deepseek-v4-flash/seed_43/n100/synthetic_data.csv,results/obesity_reg/100_shot/paft_fd_prior_deepseek-v4-flash/seed_43/n100/metrics.json,101,200,regression,,,,,,10.497957840609649,214.66985420069182,14.651616095185261,0.6905514603870391
obesity_reg,43,1000,results/obesity_reg/100_shot/paft_fd_prior_deepseek-v4-flash/seed_43/n1000/synthetic_data.csv,results/obesity_reg/100_shot/paft_fd_prior_deepseek-v4-flash/seed_43/n1000/metrics.json,1001,1100,regression,,,,,,11.507013116167652,241.40293997308152,15.537147098907235,0.6520154750600999
obesity_reg,43,200,results/obesity_reg/100_shot/paft_fd_prior_deepseek-v4-flash/seed_43/n200/synthetic_data.csv,results/obesity_reg/100_shot/paft_fd_prior_deepseek-v4-flash/seed_43/n200/metrics.json,201,300,regression,,,,,,10.571912834794135,214.9366439812435,14.660717717125703,0.6901668805014152
obesity_reg,43,500,results/obesity_reg/100_shot/paft_fd_prior_deepseek-v4-flash/seed_43/n500/synthetic_data.csv,results/obesity_reg/100_shot/paft_fd_prior_deepseek-v4-flash/seed_43/n500/metrics.json,501,600,regression,,,,,,11.711052043122855,248.0576116649343,15.74984481399529,0.6424227055288811
obesity_reg,44,100,results/obesity_reg/100_shot/paft_fd_prior_deepseek-v4-flash/seed_44/n100/synthetic_data.csv,results/obesity_reg/100_shot/paft_fd_prior_deepseek-v4-flash/seed_44/n100/metrics.json,101,200,regression,,,,,,11.383891361299844,242.45761662618654,15.571050594811723,0.6510792766863901
obesity_reg,44,1000,results/obesity_reg/100_shot/paft_fd_prior_deepseek-v4-flash/seed_44/n1000/synthetic_data.csv,results/obesity_reg/100_shot/paft_fd_prior_deepseek-v4-flash/seed_44/n1000/metrics.json,1001,1100,regression,,,,,,11.608641371232846,236.10393145031267,15.365673803979853,0.6602228641641589
obesity_reg,44,200,results/obesity_reg/100_shot/paft_fd_prior_deepseek-v4-flash/seed_44/n200/synthetic_data.csv,results/obesity_reg/100_shot/paft_fd_prior_deepseek-v4-flash/seed_44/n200/metrics.json,201,300,regression,,,,,,11.473065711238782,232.27573823520206,15.240595074838845,0.6657320165025655
obesity_reg,44,500,results/obesity_reg/100_shot/paft_fd_prior_deepseek-v4-flash/seed_44/n500/synthetic_data.csv,results/obesity_reg/100_shot/paft_fd_prior_deepseek-v4-flash/seed_44/n500/metrics.json,501,600,regression,,,,,,11.698204977880746,239.0897519187282,15.462527345771395,0.6559259703316571
obesity_reg,45,100,results/obesity_reg/100_shot/paft_fd_prior_deepseek-v4-flash/seed_45/n100/synthetic_data.csv,results/obesity_reg/100_shot/paft_fd_prior_deepseek-v4-flash/seed_45/n100/metrics.json,101,200,regression,,,,,,11.825849925705064,293.08889435972094,17.119839203675976,0.5374055169132081
obesity_reg,45,1000,results/obesity_reg/100_shot/paft_fd_prior_deepseek-v4-flash/seed_45/n1000/synthetic_data.csv,results/obesity_reg/100_shot/paft_fd_prior_deepseek-v4-flash/seed_45/n1000/metrics.json,1001,1100,regression,,,,,,11.975695127235936,252.34171777377446,15.88526731829762,0.6017184931220145
obesity_reg,45,200,results/obesity_reg/100_shot/paft_fd_prior_deepseek-v4-flash/seed_45/n200/synthetic_data.csv,results/obesity_reg/100_shot/paft_fd_prior_deepseek-v4-flash/seed_45/n200/metrics.json,201,300,regression,,,,,,12.023465710816296,272.4485577535878,16.506015804959954,0.5699830250576576
obesity_reg,45,500,results/obesity_reg/100_shot/paft_fd_prior_deepseek-v4-flash/seed_45/n500/synthetic_data.csv,results/obesity_reg/100_shot/paft_fd_prior_deepseek-v4-flash/seed_45/n500/metrics.json,501,600,regression,,,,,,12.147383893087184,259.4087744470357,16.106171936466954,0.5905642614481939
obesity_reg,46,100,results/obesity_reg/100_shot/paft_fd_prior_deepseek-v4-flash/seed_46/n100/synthetic_data.csv,results/obesity_reg/100_shot/paft_fd_prior_deepseek-v4-flash/seed_46/n100/metrics.json,101,200,regression,,,,,,10.766532496155504,207.9495737673542,14.42045678081503,0.693541682078469
obesity_reg,46,1000,results/obesity_reg/100_shot/paft_fd_prior_deepseek-v4-flash/seed_46/n1000/synthetic_data.csv,results/obesity_reg/100_shot/paft_fd_prior_deepseek-v4-flash/seed_46/n1000/metrics.json,1001,1100,regression,,,,,,11.753363684687477,228.15974099325885,15.104957497234437,0.6637576640554617
obesity_reg,46,200,results/obesity_reg/100_shot/paft_fd_prior_deepseek-v4-flash/seed_46/n200/synthetic_data.csv,results/obesity_reg/100_shot/paft_fd_prior_deepseek-v4-flash/seed_46/n200/metrics.json,201,300,regression,,,,,,11.276103821268864,238.11770098345468,15.431062859811526,0.6490824732712793
obesity_reg,46,500,results/obesity_reg/100_shot/paft_fd_prior_deepseek-v4-flash/seed_46/n500/synthetic_data.csv,results/obesity_reg/100_shot/paft_fd_prior_deepseek-v4-flash/seed_46/n500/metrics.json,501,600,regression,,,,,,11.601302514854487,230.74965013066654,15.190446014869561,0.659940877209303
salary,42,100,results/salary/100_shot/paft_fd_prior_deepseek-v4-flash/seed_42/n100/synthetic_data.csv,results/salary/100_shot/paft_fd_prior_deepseek-v4-flash/seed_42/n100/metrics.json,101,200,regression,,,,,,28.95422244562785,1571.1711930725028,39.63800188042408,0.5692104950742751
salary,42,1000,results/salary/100_shot/paft_fd_prior_deepseek-v4-flash/seed_42/n1000/synthetic_data.csv,results/salary/100_shot/paft_fd_prior_deepseek-v4-flash/seed_42/n1000/metrics.json,1001,1100,regression,,,,,,30.943684798482263,1690.0855695642122,41.11065031794331,0.5366061133218083
salary,42,200,results/salary/100_shot/paft_fd_prior_deepseek-v4-flash/seed_42/n200/synthetic_data.csv,results/salary/100_shot/paft_fd_prior_deepseek-v4-flash/seed_42/n200/metrics.json,201,300,regression,,,,,,29.35516418421427,1629.5698059787499,40.36793041485716,0.5531985482837829
salary,42,500,results/salary/100_shot/paft_fd_prior_deepseek-v4-flash/seed_42/n500/synthetic_data.csv,results/salary/100_shot/paft_fd_prior_deepseek-v4-flash/seed_42/n500/metrics.json,501,600,regression,,,,,,30.093564250590003,1638.0586211671823,40.47293689821857,0.5508710536679482
salary,43,100,results/salary/100_shot/paft_fd_prior_deepseek-v4-flash/seed_43/n100/synthetic_data.csv,results/salary/100_shot/paft_fd_prior_deepseek-v4-flash/seed_43/n100/metrics.json,101,200,regression,,,,,,30.42986522069295,1818.8318723550935,42.64776515076838,0.47984661047966404
salary,43,1000,results/salary/100_shot/paft_fd_prior_deepseek-v4-flash/seed_43/n1000/synthetic_data.csv,results/salary/100_shot/paft_fd_prior_deepseek-v4-flash/seed_43/n1000/metrics.json,1001,1100,regression,,,,,,31.9163005317688,1902.6018568991492,43.61882457035207,0.45588989294961746
salary,43,200,results/salary/100_shot/paft_fd_prior_deepseek-v4-flash/seed_43/n200/synthetic_data.csv,results/salary/100_shot/paft_fd_prior_deepseek-v4-flash/seed_43/n200/metrics.json,201,300,regression,,,,,,31.811622182973224,1959.4597051445105,44.265784813380535,0.43962956513418117
salary,43,500,results/salary/100_shot/paft_fd_prior_deepseek-v4-flash/seed_43/n500/synthetic_data.csv,results/salary/100_shot/paft_fd_prior_deepseek-v4-flash/seed_43/n500/metrics.json,501,600,regression,,,,,,31.843641061706546,1911.1742454625266,43.716978915091175,0.453438343119587
salary,44,100,results/salary/100_shot/paft_fd_prior_deepseek-v4-flash/seed_44/n100/synthetic_data.csv,results/salary/100_shot/paft_fd_prior_deepseek-v4-flash/seed_44/n100/metrics.json,101,200,regression,,,,,,29.348785502675376,1691.5795434737422,41.12881646089202,0.5359285744780738
salary,44,1000,results/salary/100_shot/paft_fd_prior_deepseek-v4-flash/seed_44/n1000/synthetic_data.csv,results/salary/100_shot/paft_fd_prior_deepseek-v4-flash/seed_44/n1000/metrics.json,1001,1100,regression,,,,,,28.514940832977295,1526.5068257351109,39.07053654270838,0.5812149647819149
salary,44,200,results/salary/100_shot/paft_fd_prior_deepseek-v4-flash/seed_44/n200/synthetic_data.csv,results/salary/100_shot/paft_fd_prior_deepseek-v4-flash/seed_44/n200/metrics.json,201,300,regression,,,,,,28.874923950398763,1610.316355327377,40.128747243433565,0.5582224853444212
salary,44,500,results/salary/100_shot/paft_fd_prior_deepseek-v4-flash/seed_44/n500/synthetic_data.csv,results/salary/100_shot/paft_fd_prior_deepseek-v4-flash/seed_44/n500/metrics.json,501,600,regression,,,,,,28.215164254557294,1473.9662583034426,38.392268209933135,0.5956290525614789
salary,45,100,results/salary/100_shot/paft_fd_prior_deepseek-v4-flash/seed_45/n100/synthetic_data.csv,results/salary/100_shot/paft_fd_prior_deepseek-v4-flash/seed_45/n100/metrics.json,101,200,regression,,,,,,28.17726511754354,1610.7083856277338,40.1336316027809,0.5583242103601493
salary,45,1000,results/salary/100_shot/paft_fd_prior_deepseek-v4-flash/seed_45/n1000/synthetic_data.csv,results/salary/100_shot/paft_fd_prior_deepseek-v4-flash/seed_45/n1000/metrics.json,1001,1100,regression,,,,,,29.034846378173828,1594.7051877156334,39.93375999972496,0.5627124814697178
salary,45,200,results/salary/100_shot/paft_fd_prior_deepseek-v4-flash/seed_45/n200/synthetic_data.csv,results/salary/100_shot/paft_fd_prior_deepseek-v4-flash/seed_45/n200/metrics.json,201,300,regression,,,,,,27.76458568868001,1549.1282068623668,39.35896602887793,0.5752102428195611
salary,45,500,results/salary/100_shot/paft_fd_prior_deepseek-v4-flash/seed_45/n500/synthetic_data.csv,results/salary/100_shot/paft_fd_prior_deepseek-v4-flash/seed_45/n500/metrics.json,501,600,regression,,,,,,28.612925052388512,1583.455449482523,39.792655722916045,0.5657972962392233
salary,46,100,results/salary/100_shot/paft_fd_prior_deepseek-v4-flash/seed_46/n100/synthetic_data.csv,results/salary/100_shot/paft_fd_prior_deepseek-v4-flash/seed_46/n100/metrics.json,101,200,regression,,,,,,31.87546063415527,2004.5161249704656,44.77182289085922,0.4537056176972196
salary,46,1000,results/salary/100_shot/paft_fd_prior_deepseek-v4-flash/seed_46/n1000/synthetic_data.csv,results/salary/100_shot/paft_fd_prior_deepseek-v4-flash/seed_46/n1000/metrics.json,1001,1100,regression,,,,,,31.255375197092693,1808.5904651129133,42.52752596981058,0.5071015899200537
salary,46,200,results/salary/100_shot/paft_fd_prior_deepseek-v4-flash/seed_46/n200/synthetic_data.csv,results/salary/100_shot/paft_fd_prior_deepseek-v4-flash/seed_46/n200/metrics.json,201,300,regression,,,,,,31.330325188496907,1875.4479459098254,43.30644231416182,0.48888080051392857
salary,46,500,results/salary/100_shot/paft_fd_prior_deepseek-v4-flash/seed_46/n500/synthetic_data.csv,results/salary/100_shot/paft_fd_prior_deepseek-v4-flash/seed_46/n500/metrics.json,501,600,regression,,,,,,30.527736143086752,1742.8291409734636,41.74720518757469,0.5250236417821723
