job_title,experience_level,employment_type,company_location,company_size,employee_residence,remote_ratio,education_required,years_experience,industry,job_description_length,benefits_score,company_name,required_skill_1,required_skill_2,required_skill_3,required_skill_4,required_skill_5,salary (k)
AI Research Scientist,Senior,Freelance,Germany,Medium,Germany,Hybrid,PhD,5,Technology,1250,8.2,Quantum Computing Inc,Python,Deep Learning,PyTorch,Statistics,Docker,145.3
Data Scientist,Entry,Freelance,India,Small,India,Fully remote,Master,0,Healthcare,900,6.5,TechCorp Inc,SQL,Python,Tableau,,,42.1
Machine Learning Engineer,Executive,Contract,United States,Large,United States,No remote,Master,11,Finance,1780,7.8,Neural Networks Co,PyTorch,Kubernetes,AWS,Linux,AWS,220.5
Computer Vision Engineer,Mid,Contract,Canada,Medium,Canada,Hybrid,Bachelor,2,Automotive,1100,9.0,Autonomous Tech,Computer Vision,Python,TensorFlow,Git,,85.6
Head of AI,Executive,Part-time,Switzerland,Small,Switzerland,Fully remote,PhD,18,Consulting,1550,6.9,Algorithmic Solutions,Machine Learning,Python,GCP,Data Visualization,Statistics,285.4
NLP Engineer,Senior,Freelance,France,Large,France,No remote,Master,7,Media,1950,7.5,Advanced Robotics,NLP,PyTorch,Hadoop,SQL,,130.0
AI Consultant,Entry,Contract,United Kingdom,Small,United Kingdom,Fully remote,Bachelor,1,Energy,1300,5.5,Future Systems,Python,Spark,SQL,Docker,Spark,60.3
Robotics Engineer,Executive,Freelance,Japan,Medium,Japan,No remote,Bachelor,14,Manufacturing,2200,8.8,Cognitive Computing,C++,Linux,ROS,Python,,190.2
Data Engineer,Mid,Freelance,Sweden,Large,Sweden,Hybrid,Associate,3,Telecommunications,850,9.5,Cloud AI Solutions,SQL,Python,Azure,,,95.0
AI Architect,Senior,Full-time,Netherlands,Small,Netherlands,No remote,PhD,9,Gaming,1650,7.0,DeepTech Ventures,System Design,TensorFlow,Kubernetes,Data Visualization,Deep Learning,165.8
Autonomous Systems Engineer,Entry,Freelance,South Korea,Medium,South Korea,Hybrid,Master,0,Transportation,1400,8.0,DataVision Ltd,Python,Simulation,Linux,,,55.0
Principal Data Scientist,Executive,Freelance,Australia,Large,Australia,Fully remote,PhD,12,Retail,2050,9.2,Machine Intelligence Group,Statistics,Python,Spark,Scala,,240.0
ML Ops Engineer,Mid,Freelance,Israel,Small,Israel,No remote,Associate,4,Government,1020,6.0,Predictive Systems,Docker,Kubernetes,Azure,Git,Java,105.4
AI Specialist,Executive,Part-time,China,Large,China,Fully remote,Master,16,Education,1850,7.3,AI Innovations,Python,Java,Hadoop,,,210.3
Research Scientist,Senior,Freelance,Norway,Medium,Norway,Hybrid,PhD,6,Energy,1500,8.4,Smart Analytics,PyTorch,Mathematics,GCP,R,,138.9
Deep Learning Engineer,Executive,Contract,Denmark,Small,Denmark,No remote,Bachelor,19,Finance,2100,5.8,Digital Transformation LLC,Python,TensorFlow,Computer Vision,Data Visualization,Data Visualization,270.0
AI Software Engineer,Senior,Full-time,Austria,Large,Austria,Hybrid,Master,8,Telecommunications,1700,9.8,TechCorp Inc,Java,Spring Boot,Docker,SQL,,155.0
Data Analyst,Entry,Freelance,Ireland,Medium,Ireland,Fully remote,Associate,0,Consulting,950,7.0,Autonomous Tech,Excel,SQL,Tableau,,,48.5
Machine Learning Researcher,Executive,Full-time,Singapore,Medium,Singapore,No remote,PhD,13,Technology,1900,9.5,Algorithmic Solutions,Python,Research,PyTorch,Statistics,Mathematics,255.8
AI Product Manager,Mid,Freelance,Finland,Small,Finland,Hybrid,Master,2,Gaming,1150,8.1,Neural Networks Co,Product Management,AI Ethics,Python,,,110.2
AI Research Scientist,Senior,Full-time,Canada,Medium,Canada,Hybrid,PhD,7,Finance,1370,8.2,Neural Networks Co,Python,TensorFlow,Kubernetes,Git,,145.3
Data Engineer,Entry,Contract,India,Large,India,No remote,Bachelor,0,Technology,2100,6.0,TechCorp Inc,SQL,Python,Azure,Docker,Spark,45.0
Machine Learning Engineer,Executive,Part-time,United States,Small,United States,Fully remote,Master,14,Healthcare,1520,9.1,DataVision Ltd,PyTorch,Linux,GCP,Computer Vision,,220.0
Computer Vision Engineer,Mid,Freelance,Germany,Medium,Germany,Hybrid,Master,4,Automotive,1120,7.8,Autonomous Tech,Computer Vision,Python,TensorFlow,Scala,Docker,95.5
AI Architect,Executive,Full-time,Switzerland,Large,Switzerland,No remote,PhD,18,Telecommunications,1900,5.5,Quantum Computing Inc,MLOps,Java,AWS,Statistics,,310.0
Data Scientist,Entry,Part-time,France,Small,France,Fully remote,Master,1,Retail,760,9.5,Algorithmic Solutions,R,SQL,Hadoop,,,60.0
NLP Engineer,Executive,Contract,United Kingdom,Small,United Kingdom,Hybrid,Associate,11,Media,1680,6.7,Predictive Systems,NLP,Deep Learning,PyTorch,Python,Git,185.0
Robotics Engineer,Senior,Freelance,Japan,Large,Japan,No remote,Bachelor,6,Manufacturing,1430,8.0,Advanced Robotics,C++,Linux,ROS,Python,,115.0
Head of AI,Executive,Part-time,Norway,Medium,Norway,Fully remote,PhD,20,Energy,1760,7.0,Machine Intelligence Group,Strategy,Python,SQL,Data Visualization,,280.0
AI Software Engineer,Mid,Full-time,Singapore,Medium,Singapore,No remote,Bachelor,2,Gaming,1850,9.2,Cognitive Computing,Java,Spark,Docker,Mathematics,Statistics,88.0
Principal Data Scientist,Senior,Freelance,Australia,Large,Australia,Hybrid,Master,9,Government,1340,8.8,DeepTech Ventures,Statistics,R,Tableau,PyTorch,,160.0
ML Ops Engineer,Entry,Contract,Netherlands,Small,Netherlands,Fully remote,Associate,0,Consulting,1000,6.5,Future Systems,Docker,Kubernetes,AWS,,,55.0
Deep Learning Engineer,Executive,Contract,South Korea,Medium,South Korea,No remote,PhD,16,Technology,2250,8.3,Digital Transformation LLC,Deep Learning,TensorFlow,Python,GCP,Hadoop,230.0
AI Consultant,Mid,Part-time,Sweden,Small,Sweden,Hybrid,Bachelor,3,Education,960,7.5,Cloud AI Solutions,Python,SQL,Azure,Git,AWS,105.0
Autonomous Systems Engineer,Executive,Full-time,Finland,Large,Finland,No remote,Master,10,Transportation,1555,9.7,Smart Analytics,Computer Vision,C++,Linux,Kubernetes,,235.0
Research Scientist,Senior,Freelance,Israel,Medium,Israel,Fully remote,PhD,5,Defense,2020,7.2,AI Innovations,PyTorch,Mathematics,Data Visualization,Scala,,140.0
Data Analyst,Executive,Part-time,Denmark,Small,Denmark,Hybrid,Associate,12,Real Estate,1780,8.5,Autonomous Tech,SQL,Tableau,Python,Data Visualization,Java,155.0
AI Specialist,Entry,Freelance,China,Medium,China,No remote,Bachelor,1,Telecommunications,560,6.9,Neural Networks Co,Python,Git,SQL,,,70.0
AI Product Manager,Senior,Full-time,United States,Large,United States,No remote,Master,8,Finance,1490,8.0,Quantum Computing Inc,Product Management,AWS,Python,Scala,Computer Vision,175.0
Machine Learning Researcher,Executive,Contract,Austria,Small,Austria,Fully remote,PhD,15,Healthcare,1440,9.3,Algorithmic Solutions,TensorFlow,PyTorch,Linux,Spark,,250.0
Head of AI,Executive,Contract,Switzerland,Medium,Switzerland,Hybrid,PhD,14,Finance,2340,8.9,DeepTech Ventures,TensorFlow,Python,Kubernetes,MLOps,AWS,289.5
Data Scientist,Entry,Full-time,United States,Large,United States,No remote,Master,2,Technology,720,7.2,TechCorp Inc,Python,SQL,Statistics,,,85.2
AI Software Engineer,Mid,Freelance,Germany,Small,Germany,Fully remote,Bachelor,5,Automotive,1050,6.5,Autonomous Tech,Java,PyTorch,Docker,Git,,95.0
Computer Vision Engineer,Entry,Contract,India,Medium,India,Hybrid,Associate,0,Gaming,1850,9.5,Neural Networks Co,PyTorch,Computer Vision,Linux,Mathematics,Spark,44.0
AI Architect,Executive,Part-time,Canada,Large,Canada,No remote,Master,11,Telecommunications,1400,8.0,Cloud AI Solutions,AWS,Deep Learning,Scala,Kubernetes,,210.3
ML Ops Engineer,Senior,Freelance,United Kingdom,Small,United Kingdom,Fully remote,Bachelor,7,Energy,2100,5.8,Predictive Systems,Docker,Python,MLOps,Azure,Data Visualization,155.75
Research Scientist,Entry,Full-time,France,Medium,France,Hybrid,PhD,1,Healthcare,550,7.8,Cognitive Computing,R,Statistics,NLP,Tableau,,70.5
Principal Data Scientist,Executive,Contract,Sweden,Large,Sweden,No remote,PhD,19,Media,1600,9.1,Algorithmic Solutions,SQL,Hadoop,Python,Spark,,315.0
NLP Engineer,Mid,Full-time,Netherlands,Small,Netherlands,Fully remote,Master,3,Consulting,1300,6.0,DataVision Ltd,PyTorch,Python,GCP,Deep Learning,,88.9
Robotics Engineer,Executive,Part-time,Japan,Medium,Japan,Hybrid,Master,10,Manufacturing,1900,8.5,Advanced Robotics,C++,Linux,TensorFlow,Computer Vision,Java,195.6
AI Research Scientist,Executive,Freelance,Norway,Large,Norway,No remote,PhD,15,Government,2450,7.0,Quantum Computing Inc,Mathematics,Python,Deep Learning,Scala,,280.45
Data Engineer,Mid,Contract,Australia,Large,Australia,Fully remote,Bachelor,4,Retail,880,9.9,Machine Intelligence Group,Spark,SQL,AWS,Docker,,105.0
Deep Learning Engineer,Executive,Full-time,South Korea,Small,South Korea,Hybrid,Associate,18,Technology,1700,6.8,Future Systems,TensorFlow,Kubernetes,Python,Git,Computer Vision,225.0
AI Consultant,Senior,Part-time,China,Medium,China,No remote,Master,6,Education,620,5.5,Smart Analytics,Git,Java,Tableau,,,130.2
Autonomous Systems Engineer,Entry,Freelance,Israel,Small,Israel,Fully remote,Bachelor,0,Transportation,2100,8.2,AI Innovations,Python,C++,Linux,ROS,Kubernetes,60.0
Machine Learning Engineer,Senior,Full-time,Denmark,Medium,Denmark,No remote,PhD,9,Real Estate,1480,7.5,Digital Transformation LLC,SQL,Scala,Azure,Statistics,,148.0
Data Analyst,Executive,Freelance,Austria,Large,Austria,Fully remote,Associate,12,Finance,2250,9.3,TechCorp Inc,Tableau,Python,SQL,Data Visualization,,172.8
AI Specialist,Entry,Part-time,Singapore,Large,Singapore,Hybrid,Master,2,Gaming,450,6.9,Algorithmic Solutions,JavaScript,Python,React,Node.js,,65.4
AI Product Manager,Senior,Contract,Ireland,Small,Ireland,No remote,PhD,8,Healthcare,2000,7.9,Autonomous Tech,SQL,Python,Product Management,Statistics,MLOps,165.0
Machine Learning Researcher,Executive,Part-time,Finland,Medium,Finland,Fully remote,PhD,20,Consulting,1350,9.8,Neural Networks Co,PyTorch,Hadoop,GCP,R,,342.1
Data Engineer,Entry,Contract,India,Medium,India,Hybrid,Bachelor,2,Technology,1254,7.1,Future Systems,Python,SQL,Docker,Azure,Spark,55.42
AI Research Scientist,Executive,Full-time,United Kingdom,Large,United Kingdom,No remote,PhD,11,Finance,1880,8.9,DeepTech Ventures,PyTorch,Deep Learning,NLP,Python,,225.8
Data Scientist,Entry,Freelance,Canada,Small,Canada,Fully remote,Master,0,Healthcare,1450,6.5,Cognitive Computing,Statistics,Python,R,SQL,,48.15
ML Ops Engineer,Mid,Part-time,Israel,Medium,Israel,Hybrid,Bachelor,5,Telecommunications,789,8.2,Cloud AI Solutions,Kubernetes,Linux,MLOps,AWS,Docker,101.33
Head of AI,Executive,Contract,Switzerland,Small,Switzerland,Fully remote,Master,18,Consulting,2010,9.5,Algorithmic Solutions,TensorFlow,Computer Vision,Python,Data Visualization,,310.45
Computer Vision Engineer,Senior,Full-time,Germany,Large,Germany,No remote,Associate,7,Automotive,1620,7.8,Autonomous Tech,PyTorch,Java,Computer Vision,Mathematics,,148.22
AI Architect,Executive,Part-time,Sweden,Medium,Sweden,Hybrid,PhD,14,Media,1750,6.7,Quantum Computing Inc,Scala,GCP,Spark,Deep Learning,Data Visualization,265.0
NLP Engineer,Mid,Freelance,France,Small,France,Fully remote,Master,3,Gaming,1100,9.0,TechCorp Inc,Java,NLP,Python,Git,,88.5
Research Scientist,Executive,Contract,Denmark,Large,Denmark,No remote,PhD,20,Energy,2300,8.1,Neural Networks Co,R,Statistics,SQL,TensorFlow,Hadoop,289.6
AI Consultant,Entry,Part-time,Netherlands,Medium,Netherlands,Hybrid,Associate,1,Education,960,5.6,Predictive Systems,SQL,Tableau,Python,,,62.78
Principal Data Scientist,Senior,Freelance,United States,Large,United States,No remote,Master,9,Retail,1950,7.4,Smart Analytics,Python,Spark,AWS,MLOps,AWS,178.91
Machine Learning Engineer,Senior,Full-time,China,Medium,China,Fully remote,Bachelor,6,Manufacturing,1430,6.2,Digital Transformation LLC,TensorFlow,Kubernetes,PyTorch,Docker,,115.4
Autonomous Systems Engineer,Mid,Contract,Singapore,Small,Singapore,Hybrid,Master,4,Transportation,820,8.7,Advanced Robotics,Linux,Scala,Git,C++,,105.22
Deep Learning Engineer,Executive,Freelance,South Korea,Medium,South Korea,No remote,PhD,16,Technology,2105,9.8,AI Innovations,Deep Learning,PyTorch,Computer Vision,Hadoop,Computer Vision,278.15
AI Specialist,Senior,Part-time,Austria,Large,Austria,Hybrid,Associate,8,Government,1680,5.8,Machine Intelligence Group,Git,Python,Azure,NLP,,130.75
Robotics Engineer,Entry,Full-time,Japan,Small,Japan,No remote,Bachelor,0,Manufacturing,1040,7.9,DataVision Ltd,Scala,Mathematics,Linux,Java,,45.99
Data Analyst,Executive,Full-time,Norway,Large,Norway,Fully remote,Master,13,Finance,1900,6.3,TechCorp Inc,Tableau,SQL,Python,Data Visualization,Statistics,192.88
AI Software Engineer,Senior,Freelance,Ireland,Small,Ireland,Hybrid,PhD,10,Consulting,1550,5.5,Quantum Computing Inc,AWS,Docker,Kubernetes,GCP,,155.6
AI Product Manager,Mid,Contract,Australia,Medium,Australia,No remote,Associate,2,Healthcare,1350,8.4,Neural Networks Co,Data Visualization,R,Statistics,Git,,91.33
Data Engineer,Executive,Part-time,Finland,Medium,Finland,Fully remote,Bachelor,19,Media,2400,9.2,Autonomous Tech,Spark,Hadoop,Python,SQL,Java,250.0
Head of AI,Executive,Freelance,United States,Medium,United States,Hybrid,Master,12,Technology,1645,8.1,DeepTech Ventures,Python,Deep Learning,MLOps,AWS,Docker,254.12
Data Scientist,Senior,Full-time,Canada,Large,Canada,No remote,Bachelor,5,Finance,1230,7.8,Algorithmic Solutions,SQL,Python,Tableau,Git,Statistics,128.45
AI Software Engineer,Entry,Contract,Germany,Small,Germany,Fully remote,Master,1,Gaming,978,6.2,Future Systems,Java,Spark,Kubernetes,Linux,AWS,69.33
AI Architect,Executive,Part-time,Switzerland,Small,Switzerland,Hybrid,PhD,18,Consulting,1910,9.0,Quantum Computing Inc,GCP,Python,TensorFlow,Data Visualization,Spark,332.5
Computer Vision Engineer,Mid,Freelance,India,Medium,India,No remote,Associate,3,Automotive,1455,5.5,Cognitive Computing,PyTorch,Scala,Computer Vision,Mathematics,Hadoop,81.66
NLP Engineer,Senior,Part-time,United Kingdom,Large,United Kingdom,Fully remote,Bachelor,9,Media,1542,7.1,DataVision Ltd,Linux,R,NLP,PyTorch,Nan,136.97
Data Engineer,Entry,Contract,Netherlands,Large,Netherlands,Hybrid,PhD,0,Retail,1120,9.5,TechCorp Inc,Azure,SQL,Hadoop,Python,Mathematics,58.99
Machine Learning Researcher,Executive,Full-time,Denmark,Small,Denmark,No remote,Master,14,Energy,1723,8.8,Autonomous Tech,Scala,TensorFlow,Docker,Statistics,Nan,278.43
Robotics Engineer,Mid,Freelance,China,Medium,China,Fully remote,Associate,2,Manufacturing,1340,7.4,Predictive Systems,Git,PyTorch,Linux,Deep Learning,Java,88.15
ML Ops Engineer,Senior,Full-time,Israel,Large,Israel,Hybrid,Bachelor,7,Telecommunications,1501,6.5,Neural Networks Co,Docker,Kubernetes,Python,AWS,Nan,147.2
Research Scientist,Entry,Contract,South Korea,Small,South Korea,No remote,Master,0,Healthcare,1005,6.9,Machine Intelligence Group,Hadoop,Statistics,Scala,R,Deep Learning,51.75
Principal Data Scientist,Executive,Part-time,Australia,Medium,Australia,Fully remote,PhD,11,Government,1856,9.3,Smart Analytics,Python,SQL,Data Visualization,Git,Nan,221.68
AI Specialist,Mid,Full-time,France,Large,France,No remote,Associate,4,Education,1388,5.8,Advanced Robotics,Spark,Java,Azure,NLP,Nan,103.24
Deep Learning Engineer,Executive,Freelance,Norway,Medium,Norway,Hybrid,Bachelor,15,Transportation,1680,7.7,Cloud AI Solutions,TensorFlow,PyTorch,Computer Vision,Mathematics,Nan,215.89
AI Consultant,Senior,Freelance,Sweden,Small,Sweden,No remote,Master,6,Real Estate,1295,8.4,AI Innovations,Kubernetes,Git,GCP,Tableau,Nan,141.38
Autonomous Systems Engineer,Mid,Contract,Japan,Large,Japan,Full-time,PhD,3,Technology,1170,9.1,Digital Transformation LLC,C++,Python,ROS,Linux,Nan,96.52
AI Research Scientist,Senior,Part-time,Singapore,Large,Singapore,Fully remote,PhD,8,Finance,1499,7.0,Algorithmic Solutions,Deep Learning,NLP,PyTorch,SQL,Computer Vision,158.74
Data Engineer,Executive,Full-time,Austria,Medium,Austria,No remote,Bachelor,10,Consulting,1578,6.0,Neural Networks Co,Python,Spark,Docker,MLOps,Nan,176.22
Machine Learning Engineer,Entry,Freelance,Ireland,Small,Ireland,Hybrid,Master,1,Energy,1089,5.2,Future Systems,Scala,Hadoop,Mathematics,Tableau,Nan,61.44
AI Specialist,Executive,Contract,India,Large,India,Fully remote,PhD,13,Manufacturing,1802,8.9,TechCorp Inc,TensorFlow,Kubernetes,SQL,Data Visualization,Nan,189.35
Data Analyst,Entry,Contract,India,Medium,India,Fully remote,Bachelor,2,Finance,1200,6.5,DataVision Ltd,SQL,Python,Tableau,,,45.2
Machine Learning Engineer,Senior,Full-time,United States,Large,United States,Hybrid,Master,10,Technology,1800,8.2,Neural Networks Co,Python,TensorFlow,Kubernetes,AWS,Docker,185.5
AI Research Scientist,Entry,Freelance,Germany,Small,Germany,No remote,PhD,0,Gaming,900,5.5,Algorithmic Solutions,PyTorch,Deep Learning,Statistics,Computer Vision,,60.1
Data Scientist,Mid,Part-time,United Kingdom,Large,United Kingdom,Fully remote,Bachelor,5,Healthcare,1500,7.8,TechCorp Inc,R,SQL,Python,Data Visualization,Spark,110.3
Head of AI,Executive,Contract,Switzerland,Medium,Switzerland,No remote,PhD,18,Finance,2100,9.5,Cognitive Computing,AWS,MLOps,GCP,Docker,,320.0
Computer Vision Engineer,Mid,Full-time,Canada,Small,Canada,Hybrid,Master,3,Automotive,1100,6.0,Autonomous Tech,Computer Vision,Python,Linux,PyTorch,,95.0
AI Consultant,Senior,Freelance,Singapore,Medium,Singapore,Fully remote,Associate,7,Consulting,1600,9.0,Predictive Systems,Scala,Hadoop,Azure,Git,Java,145.8
NLP Engineer,Executive,Part-time,France,Large,France,No remote,Master,12,Media,1900,8.5,Smart Analytics,NLP,Python,TensorFlow,Kubernetes,,230.4
Robotics Engineer,Entry,Contract,Japan,Large,Japan,No remote,Bachelor,1,Manufacturing,1300,7.0,Advanced Robotics,Linux,C++,ROS,Python,,55.5
AI Architect,Executive,Full-time,Norway,Small,Norway,Fully remote,PhD,14,Energy,2000,9.2,Quantum Computing Inc,Deep Learning,PyTorch,Data Visualization,Mathematics,Statistics,280.6
ML Ops Engineer,Mid,Freelance,Netherlands,Medium,Netherlands,Hybrid,Bachelor,4,Telecommunications,1400,7.5,Future Systems,Docker,Kubernetes,AWS,Terraform,,125.0
Research Scientist,Senior,Part-time,Sweden,Large,Sweden,No remote,PhD,8,Government,1700,6.8,Machine Intelligence Group,PyTorch,Git,Spark,R,Computer Vision,160.0
Data Engineer,Entry,Full-time,Australia,Small,Australia,Fully remote,Associate,0,Education,1000,5.0,Digital Transformation LLC,SQL,Python,Hadoop,Spark,AWS,50.0
AI Specialist,Senior,Contract,Israel,Medium,Israel,Hybrid,Master,6,Technology,1550,8.0,DeepTech Ventures,Python,TensorFlow,GCP,Computer Vision,,135.0
Principal Data Scientist,Executive,Freelance,China,Large,China,No remote,PhD,15,Retail,2200,8.9,AI Innovations,Statistics,Scala,Tableau,Java,Mathematics,255.0
AI Software Engineer,Entry,Part-time,South Korea,Small,South Korea,Fully remote,Bachelor,1,Transportation,1150,6.2,Cloud AI Solutions,Java,Python,SQL,Docker,,65.0
Autonomous Systems Engineer,Executive,Full-time,Denmark,Medium,Denmark,No remote,Master,11,Automotive,1850,7.2,Autonomous Tech,C++,ROS,Python,Computer Vision,,210.0
Deep Learning Engineer,Senior,Freelance,Austria,Large,Austria,Hybrid,PhD,9,Media,1750,9.8,Algorithmic Solutions,TensorFlow,PyTorch,Kubernetes,Linux,Deep Learning,175.0
Machine Learning Researcher,Entry,Contract,Ireland,Small,Ireland,Fully remote,Master,2,Consulting,1050,5.8,Machine Intelligence Group,Python,R,SQL,Tableau,,70.0
Data Analyst,Executive,Part-time,Finland,Medium,Finland,No remote,Associate,13,Telecommunications,1950,8.1,TechCorp Inc,SQL,Excel,Python,Tableau,Hadoop,190.0
Data Scientist,Entry,Contract,India,Medium,India,Hybrid,Master,2,Finance,1200,7.2,Smart Analytics,Python,SQL,Statistics,Git,Docker,55.3
Machine Learning Engineer,Senior,Full-time,United States,Large,United States,No remote,PhD,10,Technology,1800,8.5,TechCorp Inc,PyTorch,Python,AWS,Docker,AWS,185.0
AI Consultant,Mid,Freelance,Canada,Small,Canada,Fully remote,Bachelor,5,Consulting,900,6.8,Algorithmic Solutions,SQL,Python,Data Visualization,Tableau,Statistics,110.5
AI Architect,Executive,Contract,Switzerland,Medium,Switzerland,Hybrid,Master,15,Finance,2100,9.1,Quantum Computing Inc,TensorFlow,Kubernetes,Spark,Deep Learning,Spark,250.75
Computer Vision Engineer,Entry,Part-time,Germany,Large,Germany,No remote,PhD,0,Automotive,1400,9.0,Autonomous Tech,Computer Vision,PyTorch,Linux,Python,Mathematics,65.0
NLP Engineer,Senior,Freelance,United Kingdom,Small,United Kingdom,Fully remote,Master,7,Media,1500,7.5,Neural Networks Co,NLP,Python,Deep Learning,Git,Deep Learning,135.2
Data Engineer,Mid,Full-time,Netherlands,Medium,Netherlands,Hybrid,Bachelor,3,Telecommunications,1100,8.0,DataVision Ltd,SQL,Python,Azure,Java,Java,75.8
Head of AI,Executive,Part-time,Norway,Large,Norway,No remote,PhD,12,Energy,1900,6.5,DeepTech Ventures,Leadership,Python,Strategy,Data Visualization,Data Visualization,280.0
Research Scientist,Entry,Contract,France,Small,France,Fully remote,Master,1,Government,1300,5.5,Cognitive Computing,R,Statistics,Hadoop,Mathematics,Hadoop,45.9
Robotics Engineer,Senior,Full-time,Japan,Large,Japan,No remote,Master,9,Manufacturing,1700,7.8,Advanced Robotics,ROS,Python,Computer Vision,C++,Computer Vision,160.0
AI Research Scientist,Mid,Freelance,China,Medium,China,Hybrid,PhD,4,Healthcare,1000,6.0,Machine Intelligence Group,Deep Learning,PyTorch,Python,NLP,PyTorch,95.0
AI Software Engineer,Executive,Contract,Sweden,Small,Sweden,Fully remote,Bachelor,18,Gaming,2200,9.5,Future Systems,C++,Kubernetes,Docker,AWS,Kubernetes,210.0
Data Analyst,Entry,Part-time,Australia,Large,Australia,Hybrid,Associate,0,Retail,1600,8.2,Predictive Systems,Excel,SQL,Tableau,Linux,Linux,50.0
Principal Data Scientist,Executive,Full-time,Denmark,Medium,Denmark,No remote,PhD,11,Technology,2000,9.2,AI Innovations,Machine Learning,Python,Scala,Spark,Scala,220.0
ML Ops Engineer,Senior,Freelance,Israel,Small,Israel,Fully remote,Bachelor,6,Telecommunications,800,7.0,Cloud AI Solutions,Docker,Kubernetes,Git,AWS,Git,140.0
Autonomous Systems Engineer,Entry,Contract,South Korea,Large,South Korea,No remote,Master,2,Transportation,1250,8.8,Digital Transformation LLC,Control Systems,Python,Azure,Simulation,Azure,68.0
Deep Learning Engineer,Executive,Part-time,Austria,Medium,Austria,Hybrid,PhD,14,Media,2300,6.3,Algorithmic Solutions,TensorFlow,PyTorch,Tableau,Python,Tableau,195.0
AI Specialist,Senior,Full-time,Singapore,Large,Singapore,Hybrid,Master,8,Finance,1350,9.3,TechCorp Inc,Python,R,SQL,Machine Learning,R,155.0
Machine Learning Researcher,Entry,Freelance,Ireland,Small,Ireland,Fully remote,PhD,0,Education,1050,5.0,DataVision Ltd,Math,Python,GCP,Statistics,GCP,48.0
AI Consultant,Executive,Contract,Finland,Medium,Finland,No remote,Bachelor,13,Consulting,2050,8.1,Smart Analytics,Consulting,Python,NLP,SQL,NLP,190.0
AI Architect,Executive,Part-time,United States,Medium,United States,Hybrid,Master,12,Technology,1789,8.2,DeepTech Ventures,Python,TensorFlow,Kubernetes,GCP,Docker,245.3
Data Scientist,Mid,Freelance,United Kingdom,Small,United Kingdom,Fully remote,Bachelor,2,Finance,1150,6.5,Autonomous Tech,SQL,Python,Statistics,Tableau,nan,68.4
Machine Learning Researcher,Entry,Contract,Canada,Large,Canada,No remote,PhD,0,Healthcare,945,7.8,Neural Networks Co,PyTorch,Linux,Deep Learning,Git,AWS,55.2
Computer Vision Engineer,Senior,Full-time,France,Medium,France,Hybrid,Master,6,Automotive,1602,7.1,Algorithmic Solutions,Computer Vision,Python,TensorFlow,Scala,nan,125.8
Head of AI,Executive,Contract,Switzerland,Large,Switzerland,No remote,PhD,18,Consulting,1360,9.0,TechCorp Inc,AWS,Scala,MLOps,Data Visualization,Statistics,310.5
AI Specialist,Entry,Part-time,India,Small,India,Fully remote,Associate,1,Education,2010,5.5,Quantum Computing Inc,Java,Hadoop,Azure,R,Spark,45.9
Deep Learning Engineer,Executive,Freelance,Germany,Medium,Germany,Hybrid,Bachelor,10,Media,1850,8.4,Predictive Systems,PyTorch,Docker,Python,SQL,nan,190.25
ML Ops Engineer,Mid,Full-time,Israel,Large,Israel,No remote,Master,4,Telecommunications,750,6.9,Advanced Robotics,Kubernetes,Git,Linux,Math,nan,105.6
Research Scientist,Senior,Part-time,China,Small,China,Fully remote,PhD,7,Manufacturing,2200,5.8,DataVision Ltd,TensorFlow,Java,Kubernetes,Deep Learning,Data Visualization,115.35
Data Engineer,Entry,Freelance,Norway,Medium,Norway,No remote,Bachelor,0,Energy,1350,8.1,Future Systems,SQL,Scala,PyTorch,AWS,nan,52.75
AI Consultant,Executive,Full-time,Japan,Large,Japan,Hybrid,Associate,14,Government,2430,9.5,Machine Intelligence Group,Scala,R,GCP,SQL,nan,275.6
AI Software Engineer,Mid,Contract,Netherlands,Medium,Netherlands,Fully remote,Master,3,Gaming,1250,7.0,AI Innovations,Python,Azure,Tableau,Spark,Mathematics,88.95
NLP Engineer,Senior,Freelance,Australia,Small,Australia,No remote,PhD,9,Retail,1695,6.3,Smart Analytics,NLP,Python,Deep Learning,Git,nan,145.2
Robotics Engineer,Senior,Full-time,South Korea,Large,South Korea,Hybrid,Bachelor,5,Transportation,1400,7.9,Cognitive Computing,Linux,Docker,Python,Hadoop,Computer Vision,118.7
Autonomous Systems Engineer,Entry,Part-time,Sweden,Small,Sweden,Fully remote,Master,0,Education,2300,8.9,Digital Transformation LLC,Computer Vision,Statistics,MLOps,Docker,nan,60.1
Principal Data Scientist,Executive,Contract,Denmark,Medium,Denmark,No remote,PhD,16,Finance,1570,9.2,TechCorp Inc,R,TensorFlow,AWS,PyTorch,nan,285.4
AI Product Manager,Executive,Freelance,Singapore,Large,Singapore,Fully remote,Master,11,Media,1920,8.8,Autonomous Tech,Scala,Spark,Kubernetes,SQL,Java,210.0
Data Analyst,Mid,Contract,Austria,Medium,Austria,Hybrid,Associate,2,Real Estate,1850,5.0,Algorithmic Solutions,Tableau,Git,SQL,Python,nan,65.3
AI Research Scientist,Senior,Part-time,Ireland,Small,Ireland,No remote,PhD,8,Consulting,2100,9.8,Neural Networks Co,Mathematics,PyTorch,GCP,Statistics,Hadoop,155.75
Machine Learning Engineer,Executive,Full-time,Finland,Medium,Finland,Fully remote,Bachelor,13,Technology,1480,7.3,Smart Analytics,Python,SQL,Azure,Data Visualization,nan,198.9
AI Research Scientist,Senior,Part-time,Canada,Medium,Canada,Hybrid,PhD,5,Healthcare,1243,7.8,Neural Networks Co,Python,TensorFlow,PyTorch,Statistics,Docker,156.2
Machine Learning Engineer,Executive,Freelance,United States,Large,United States,Fully remote,Master,12,Technology,1892,9.1,Cloud AI Solutions,PyTorch,Python,Kubernetes,Data Visualization,AWS,245.5
Data Analyst,Entry,Contract,India,Small,India,No remote,Bachelor,1,Finance,1087,5.6,DataVision Ltd,SQL,Excel,Tableau,Python,Spark,45.8
Computer Vision Engineer,Senior,Full-time,Germany,Medium,Germany,Hybrid,Master,8,Automotive,1576,8.0,Autonomous Tech,Computer Vision,Python,Deep Learning,C++,Statistics,142.1
Data Engineer,Mid,Contract,United Kingdom,Large,United Kingdom,No remote,Associate,3,Telecommunications,1410,6.9,Digital Transformation LLC,Spark,Hadoop,SQL,Python,Java,85.0
AI Architect,Executive,Freelance,Switzerland,Small,Switzerland,Fully remote,PhD,18,Consulting,2015,8.5,Cognitive Computing,Python,Scala,MLOps,Data Visualization,Deep Learning,310.4
NLP Engineer,Entry,Part-time,France,Small,France,Fully remote,Master,0,Media,920,7.2,Machine Intelligence Group,NLP,PyTorch,Linux,Git,Mathematics,55.3
Principal Data Scientist,Senior,Full-time,Singapore,Large,Singapore,No remote,Bachelor,7,Energy,1358,9.0,Quantum Computing Inc,Statistics,Python,SQL,R,Hadoop,175.9
Head of AI,Executive,Part-time,Israel,Medium,Israel,Hybrid,PhD,15,Government,1754,7.5,Advanced Robotics,Python,TensorFlow,AWS,Git,Data Visualization,265.0
AI Specialist,Mid,Freelance,Netherlands,Medium,Netherlands,Fully remote,Master,4,Retail,1620,6.5,Algorithmic Solutions,Docker,Kubernetes,Python,SQL,Computer Vision,110.6
Deep Learning Engineer,Executive,Full-time,South Korea,Large,South Korea,No remote,Master,11,Gaming,2340,8.8,AI Innovations,Deep Learning,PyTorch,Computer Vision,Python,TensorFlow,220.7
Autonomous Systems Engineer,Mid,Part-time,China,Small,China,No remote,Associate,2,Manufacturing,1150,7.9,Future Systems,ROS,Python,C++,Linux,Azure,80.4
ML Ops Engineer,Senior,Contract,Norway,Medium,Norway,Hybrid,Bachelor,9,Education,1487,6.0,Predictive Systems,MLOps,Docker,Kubernetes,Python,Git,135.5
Research Scientist,Entry,Freelance,Sweden,Large,Sweden,Fully remote,PhD,0,Consulting,1045,8.3,TechCorp Inc,Mathematics,Statistics,Python,R,SQL,68.9
AI Consultant,Executive,Contract,Denmark,Small,Denmark,No remote,Master,14,Transportation,1880,9.4,DeepTech Ventures,Python,Scala,GCP,Hadoop,PyTorch,195.8
Robotics Engineer,Senior,Full-time,Australia,Large,Australia,Hybrid,Bachelor,6,Media,1654,6.7,Smart Analytics,C++,Python,ROS,Computer Vision,Kubernetes,148.3
Data Scientist,Mid,Freelance,Japan,Medium,Japan,No remote,Master,3,Technology,1298,5.2,Autonomous Tech,Python,R,SQL,Tableau,Linux,97.2
Machine Learning Researcher,Executive,Part-time,Austria,Large,Austria,Fully remote,PhD,19,Healthcare,2108,9.7,Quantum Computing Inc,TensorFlow,Python,Azure,Deep Learning,Spark,350.1
AI Product Manager,Executive,Full-time,Ireland,Small,Ireland,Hybrid,Associate,10,Finance,1995,8.1,Algorithmic Solutions,Python,SQL,AWS,Statistics,NLP,185.4
AI Software Engineer,Entry,Part-time,Finland,Medium,Finland,Fully remote,Bachelor,1,Gaming,1356,6.3,DeepTech Ventures,Java,Python,Git,Linux,R,62.0
Machine Learning Engineer,Executive,Full-time,United States,Large,United States,Hybrid,Master,12,Finance,1902,8.1,Neural Networks Co,Python,TensorFlow,Kubernetes,SQL,AWS,245.3
Data Scientist,Mid,Contract,Canada,Medium,Canada,Fully remote,Bachelor,2,Healthcare,1105,7.4,DataVision Ltd,SQL,Python,Tableau,Git,Statistics,88.15
AI Consultant,Senior,Freelance,Germany,Small,Germany,No remote,PhD,7,Automotive,1487,6.8,Algorithmic Solutions,Machine Learning,Python,Azure,Spark,Docker,145.5
Computer Vision Engineer,Entry,Part-time,India,Large,India,Hybrid,Master,0,Technology,800,9.0,TechCorp Inc,PyTorch,Computer Vision,Linux,Mathematics,Java,42.0
AI Research Scientist,Mid,Full-time,Switzerland,Medium,Switzerland,No remote,PhD,4,Energy,1340,5.5,Quantum Computing Inc,Mathematics,Deep Learning,Python,Scala,Spark,115.8
Head of AI,Executive,Contract,United Kingdom,Large,United Kingdom,Fully remote,Bachelor,15,Consulting,2200,7.9,Cognitive Computing,AWS,MLOps,Docker,PyTorch,Data Visualization,275.0
NLP Engineer,Senior,Part-time,France,Small,France,Hybrid,Associate,9,Media,1755,8.3,Predictive Systems,NLP,Python,TensorFlow,Git,Hadoop,130.2
Data Engineer,Entry,Freelance,Netherlands,Medium,Netherlands,No remote,Bachelor,1,Gaming,950,6.1,Future Systems,Spark,Java,SQL,Linux,Deep Learning,55.4
Robotics Engineer,Senior,Full-time,Japan,Large,Japan,No remote,Master,6,Manufacturing,1620,7.0,Advanced Robotics,C++,Python,ROS,Computer Vision,Mathematics,140.75
AI Specialist,Mid,Contract,Singapore,Small,Singapore,Fully remote,Associate,3,Retail,1250,9.5,Autonomous Tech,R,Statistics,GCP,Tableau,Git,98.0
AI Architect,Executive,Freelance,Norway,Medium,Norway,Hybrid,PhD,18,Telecommunications,2400,9.2,DeepTech Ventures,Kubernetes,Docker,AWS,MLOps,TensorFlow,310.0
Research Scientist,Senior,Part-time,Sweden,Large,Sweden,Fully remote,PhD,5,Government,1450,8.0,Machine Intelligence Group,Statistics,R,Data Visualization,Hadoop,PyTorch,125.3
Principal Data Scientist,Executive,Full-time,Denmark,Medium,Denmark,No remote,Master,10,Transportation,2000,6.5,Smart Analytics,Scala,Spark,SQL,Python,Linux,220.4
Autonomous Systems Engineer,Entry,Contract,Austria,Small,Austria,Hybrid,Master,0,Education,1020,7.8,Cloud AI Solutions,Python,C++,Linux,Computer Vision,MLOps,60.0
ML Ops Engineer,Executive,Part-time,China,Large,China,Fully remote,Bachelor,14,Real Estate,2150,5.2,Digital Transformation LLC,Azure,Docker,Kubernetes,TensorFlow,Computer Vision,190.6
Deep Learning Engineer,Senior,Freelance,Israel,Medium,Israel,No remote,PhD,8,Finance,1550,9.8,AI Innovations,Deep Learning,PyTorch,Python,GCP,Scala,160.0
Data Analyst,Mid,Full-time,South Korea,Large,South Korea,Hybrid,Associate,2,Energy,1180,6.0,Quantum Computing Inc,SQL,Excel,Tableau,Python,Tableau,72.5
AI Product Manager,Executive,Contract,Ireland,Small,Ireland,Fully remote,Master,11,Healthcare,1850,8.9,TechCorp Inc,AWS,Agile,SQL,Python,GCP,250.0
Data Scientist,Executive,Freelance,Australia,Medium,Australia,No remote,Associate,16,Media,2300,7.3,Algorithmic Solutions,Python,TensorFlow,Spark,NLP,R,180.0
AI Software Engineer,Executive,Part-time,Finland,Large,Finland,Hybrid,Bachelor,19,Consulting,2480,9.1,Cognitive Computing,Java,Python,Docker,SQL,Kubernetes,295.4
Machine Learning Engineer,Mid,Contract,Germany,Medium,Germany,Hybrid,Master,5,Technology,1845,8.1,Neural Networks Co,Python,TensorFlow,Kubernetes,SQL,Docker,112.35
Data Analyst,Entry,Full-time,Canada,Large,Canada,No remote,Bachelor,1,Finance,1230,6.5,TechCorp Inc,SQL,Python,Tableau,Git,Statistics,55.2
AI Architect,Executive,Part-time,United States,Small,United States,Fully remote,PhD,12,Healthcare,1560,9.0,DeepTech Ventures,PyTorch,AWS,MLOps,Data Visualization,AWS,245.8
Research Scientist,Entry,Freelance,France,Medium,France,Hybrid,Master,0,Energy,2100,7.0,Quantum Computing Inc,Mathematics,Python,R,Deep Learning,Spark,48.9
Head of AI,Executive,Contract,Switzerland,Large,Switzerland,No remote,PhD,18,Finance,1100,9.5,Autonomous Tech,Scala,Hadoop,Linux,Computer Vision,Deep Learning,310.45
NLP Engineer,Mid,Part-time,United Kingdom,Small,United Kingdom,Fully remote,Associate,3,Telecommunications,750,5.5,Algorithmic Solutions,Java,NLP,Git,PyTorch,Java,95.1
Computer Vision Engineer,Senior,Full-time,Japan,Medium,Japan,No remote,Master,10,Automotive,2250,7.8,Cognitive Computing,Computer Vision,Python,TensorFlow,Linux,Computer Vision,175.6
AI Consultant,Senior,Freelance,Singapore,Large,Singapore,Hybrid,Bachelor,7,Consulting,1950,8.3,Smart Analytics,Hadoop,Spark,SQL,Mathematics,Hadoop,155.25
AI Software Engineer,Mid,Contract,Australia,Small,Australia,No remote,PhD,2,Gaming,880,9.2,Future Systems,Git,Deep Learning,Scala,PyTorch,Mathematics,88.4
Principal Data Scientist,Executive,Part-time,Norway,Medium,Norway,Fully remote,Master,14,Real Estate,1700,6.0,Machine Intelligence Group,R,Statistics,Azure,Docker,Data Visualization,220.15
Data Engineer,Mid,Full-time,India,Large,India,Hybrid,Bachelor,4,Retail,1400,7.5,Predictive Systems,Spark,SQL,Python,null,null,85.3
Machine Learning Researcher,Entry,Part-time,Netherlands,Small,Netherlands,No remote,PhD,0,Education,1350,6.8,Cloud AI Solutions,Linux,TensorFlow,Kubernetes,null,null,52.75
ML Ops Engineer,Senior,Freelance,Austria,Large,Austria,Fully remote,Associate,9,Transportation,2050,5.0,Advanced Robotics,Docker,Kubernetes,AWS,Linux,null,160.5
Robotics Engineer,Senior,Contract,South Korea,Medium,South Korea,No remote,PhD,6,Manufacturing,1600,8.9,Digital Transformation LLC,PyTorch,C++,Computer Vision,Mathematics,null,130.7
AI Research Scientist,Executive,Full-time,Denmark,Small,Denmark,Hybrid,PhD,11,Government,2480,7.2,AI Innovations,Deep Learning,Python,Statistics,Scala,null,275.9
AI Specialist,Entry,Freelance,China,Medium,China,Fully remote,Associate,1,Media,920,8.0,DataVision Ltd,GCP,Docker,NLP,null,null,65.1
Data Scientist,Executive,Contract,Ireland,Large,Ireland,No remote,Master,15,Technology,1380,9.8,TechCorp Inc,Java,Scala,Tableau,R,null,255.3
AI Product Manager,Senior,Full-time,Sweden,Small,Sweden,Fully remote,Master,8,Energy,700,7.7,Quantum Computing Inc,SQL,Python,Data Visualization,Git,null,148.8
Deep Learning Engineer,Mid,Freelance,Israel,Large,Israel,Hybrid,Bachelor,3,Transportation,1890,6.2,Neural Networks Co,TensorFlow,PyTorch,Computer Vision,null,null,105.45
AI Consultant,Executive,Part-time,United Kingdom,Medium,United Kingdom,No remote,PhD,17,Consulting,2100,8.4,Algorithmic Solutions,Python,Spark,Deep Learning,SQL,null,280.0
Data Scientist,Mid,Freelance,Canada,Medium,Canada,Hybrid,Master,2,Finance,1345,7.8,Advanced Robotics,Python,SQL,Tableau,NaN,NaN,85.23
Machine Learning Engineer,Executive,Full-time,United States,Large,United States,No remote,PhD,11,Technology,1880,8.9,Quantum Computing Inc,PyTorch,AWS,Kubernetes,Git,Docker,225.1
Computer Vision Engineer,Senior,Contract,Germany,Small,Germany,Fully remote,Bachelor,5,Automotive,1520,6.5,Neural Networks Co,Computer Vision,Python,TensorFlow,Scala,NaN,118.45
AI Research Scientist,Entry,Part-time,United Kingdom,Large,United Kingdom,Hybrid,PhD,0,Healthcare,920,7.1,TechCorp Inc,Mathematics,Deep Learning,Python,R,Statistics,55.8
AI Architect,Executive,Freelance,Switzerland,Medium,Switzerland,No remote,Master,14,Consulting,2100,9.2,Algorithmic Solutions,GCP,Azure,MLOps,Data Visualization,NaN,275.33
NLP Engineer,Mid,Full-time,France,Small,France,No remote,Bachelor,3,Media,1150,5.9,Cognitive Computing,NLP,Java,Docker,NaN,NaN,90.12
Robotics Engineer,Senior,Part-time,Japan,Large,Japan,Fully remote,Associate,9,Manufacturing,1755,6.8,Digital Transformation LLC,Linux,Hadoop,Python,C++,Spark,167.5
ML Ops Engineer,Senior,Contract,Israel,Medium,Israel,Hybrid,Master,6,Government,1620,8.0,Machine Intelligence Group,MLOps,Docker,Kubernetes,AWS,NaN,145.2
Data Engineer,Entry,Freelance,Australia,Small,Australia,Fully remote,Bachelor,1,Energy,1050,7.5,Future Systems,SQL,Spark,Python,NaN,NaN,62.75
Head of AI,Executive,Full-time,Norway,Medium,Norway,No remote,PhD,19,Telecommunications,2400,8.5,DeepTech Ventures,TensorFlow,PyTorch,Scala,Linux,Java,310.45
AI Specialist,Mid,Part-time,Singapore,Large,Singapore,Fully remote,Master,4,Retail,1380,6.2,Autonomous Tech,Python,Git,Statistics,NaN,NaN,98.6
Research Scientist,Senior,Freelance,China,Small,China,Hybrid,PhD,7,Education,1680,9.0,Predictive Systems,R,SQL,Tableau,Computer Vision,NaN,135.89
Autonomous Systems Engineer,Entry,Contract,South Korea,Medium,South Korea,No remote,Bachelor,0,Transportation,980,6.0,Cloud AI Solutions,Kubernetes,Hadoop,Python,NaN,NaN,48.3
Deep Learning Engineer,Executive,Contract,Denmark,Large,Denmark,Fully remote,PhD,12,Gaming,1950,7.6,Smart Analytics,Deep Learning,Python,C++,Git,NaN,255.7
AI Consultant,Senior,Full-time,Sweden,Small,Sweden,Hybrid,Associate,8,Finance,1720,5.5,DataVision Ltd,SQL,Scala,Azure,PyTorch,AWS,148.15
AI Software Engineer,Mid,Freelance,India,Large,India,No remote,Master,2,Technology,1120,8.8,AI Innovations,Java,Spark,GCP,NaN,NaN,72.4
Principal Data Scientist,Executive,Part-time,Netherlands,Medium,Netherlands,Fully remote,PhD,15,Real Estate,2250,9.5,Neural Networks Co,Statistics,Data Visualization,Python,Docker,NaN,290.3
AI Product Manager,Executive,Full-time,Austria,Small,Austria,Hybrid,Master,10,Manufacturing,1850,7.3,Algorithmic Solutions,TensorFlow,Linux,Computer Vision,NLP,NaN,185.95
Data Analyst,Entry,Part-time,Ireland,Large,Ireland,Hybrid,Associate,0,Consulting,870,5.1,TechCorp Inc,Excel,SQL,Tableau,NaN,NaN,40.25
Machine Learning Researcher,Executive,Freelance,Finland,Medium,Finland,Fully remote,PhD,13,Healthcare,2050,9.1,Cognitive Computing,PyTorch,R,Kubernetes,Mathematics,NaN,265.4
Data Scientist,Mid,Full-time,Germany,Medium,Germany,Hybrid,Master,4,Finance,1256,8.1,AI Innovations,Python,SQL,TensorFlow,NaN,NaN,108.55
AI Research Scientist,Entry,Contract,Canada,Large,Canada,No remote,PhD,0,Technology,873,6.5,DeepTech Ventures,PyTorch,Statistics,Computer Vision,R,Spark,55.22
Machine Learning Engineer,Executive,Part-time,United Kingdom,Small,United Kingdom,Fully remote,Bachelor,11,Healthcare,1560,9.0,Neural Networks Co,Git,Linux,Docker,NaN,NaN,190.47
NLP Engineer,Entry,Freelance,India,Small,India,Fully remote,Master,1,Consulting,1024,7.2,Cognitive Computing,Java,Python,NLP,NaN,NaN,48.99
AI Architect,Executive,Freelance,Switzerland,Medium,Switzerland,Hybrid,Associate,18,Automotive,1720,5.8,Predictive Systems,Scala,Deep Learning,AWS,Kubernetes,Docker,256.14
Computer Vision Engineer,Senior,Full-time,France,Large,France,No remote,PhD,6,Media,1403,8.7,Quantum Computing Inc,Computer Vision,PyTorch,Linux,MLOps,NaN,135.88
AI Product Manager,Mid,Part-time,Norway,Large,Norway,Hybrid,Master,2,Telecommunications,1145,6.7,Digital Transformation LLC,SQL,Tableau,Data Visualization,NaN,NaN,72.33
Head of AI,Executive,Full-time,South Korea,Small,South Korea,No remote,PhD,14,Government,1885,8.0,Advanced Robotics,Kubernetes,TensorFlow,Azure,NaN,NaN,215.3
Data Engineer,Entry,Freelance,Australia,Medium,Australia,No remote,Bachelor,0,Retail,959,5.5,Machine Intelligence Group,Hadoop,Spark,SQL,NaN,NaN,50.75
Autonomous Systems Engineer,Mid,Contract,Japan,Large,Japan,Fully remote,PhD,3,Transportation,1307,9.5,Future Systems,Python,C++,Robotics,GCP,Mathematics,85.41
ML Ops Engineer,Senior,Contract,Netherlands,Small,Netherlands,No remote,Bachelor,7,Energy,1602,7.9,Algorithmic Solutions,Docker,Linux,AWS,NaN,NaN,112.44
Research Scientist,Executive,Part-time,China,Medium,China,Hybrid,PhD,10,Education,1743,6.1,Cloud AI Solutions,R,Statistics,Scala,NaN,NaN,162.77
AI Specialist,Senior,Part-time,United States,Large,United States,Fully remote,Associate,5,Manufacturing,989,9.3,TechCorp Inc,TensorFlow,Python,Computer Vision,NaN,NaN,128.15
Data Analyst,Executive,Full-time,Sweden,Medium,Sweden,Fully remote,Master,19,Real Estate,1430,5.2,Autonomous Tech,SQL,Excel,Tableau,NaN,NaN,185.5
Deep Learning Engineer,Entry,Part-time,Ireland,Medium,Ireland,Hybrid,Master,0,Gaming,1167,8.9,DataVision Ltd,PyTorch,C++,Deep Learning,NaN,NaN,60.14
Principal Data Scientist,Senior,Contract,Israel,Large,Israel,No remote,PhD,8,Finance,1350,7.4,Smart Analytics,Mathematics,Spark,Azure,NaN,NaN,140.66
AI Consultant,Executive,Freelance,Denmark,Small,Denmark,Fully remote,Associate,12,Consulting,2021,8.4,Machine Intelligence Group,GCP,Hadoop,NLP,Python,Data Visualization,231.88
Machine Learning Researcher,Entry,Full-time,Austria,Small,Austria,Hybrid,PhD,1,Technology,810,6.9,Neural Networks Co,Git,Julia,PyTorch,NaN,NaN,67.45
Robotics Engineer,Senior,Freelance,Finland,Medium,Finland,No remote,Bachelor,9,Manufacturing,1689,7.6,Advanced Robotics,Kubernetes,Docker,Python,NaN,NaN,155.92
AI Research Scientist,Executive,Contract,Singapore,Large,Singapore,Fully remote,Master,15,Automotive,1904,5.9,Quantum Computing Inc,Scala,Java,Mathematics,NaN,NaN,278.4
Data Scientist,Mid,Contract,Germany,Medium,Germany,Hybrid,Master,2,Finance,1124,7.8,Predictive Systems,Python,SQL,TensorFlow,Statistics,Spark,85.32
AI Architect,Executive,Freelance,United States,Large,United States,Fully remote,PhD,11,Technology,1842,9.2,Quantum Computing Inc,PyTorch,AWS,MLOps,Computer Vision,Docker,245.18
Machine Learning Engineer,Entry,Full-time,Canada,Small,Canada,No remote,Bachelor,0,Gaming,987,6.1,TechCorp Inc,Linux,Python,Kubernetes,Git,Statistics,55.74
NLP Engineer,Senior,Part-time,Switzerland,Small,Switzerland,Hybrid,Master,6,Healthcare,1455,8.1,Neural Networks Co,Docker,PyTorch,Azure,NLP,Java,148.89
Head of AI,Executive,Contract,United Kingdom,Medium,United Kingdom,No remote,PhD,18,Consulting,2199,5.5,Advanced Robotics,SQL,Hadoop,Deep Learning,Scala,Mathematics,312.44
Computer Vision Engineer,Mid,Freelance,India,Large,India,Fully remote,Associate,4,Automotive,721,9.5,Autonomous Tech,Scala,Java,Spark,Data Visualization,AWS,78.63
Research Scientist,Executive,Full-time,Japan,Large,Japan,Hybrid,PhD,14,Telecommunications,1754,8.8,DataVision Ltd,Git,R,GCP,Tableau,Deep Learning,256.71
AI Software Engineer,Entry,Part-time,France,Medium,France,No remote,Bachelor,1,Media,1603,7.2,Cognitive Computing,TensorFlow,Linux,Python,PyTorch,Computer Vision,63.98
Principal Data Scientist,Senior,Contract,Norway,Small,Norway,Fully remote,Master,9,Energy,2001,6.9,Algorithmic Solutions,Statistics,Spark,PyTorch,Docker,Hadoop,175.55
AI Product Manager,Mid,Full-time,Singapore,Large,Singapore,Hybrid,PhD,3,Retail,1338,5.6,Future Systems,Python,Azure,Tableau,Linux,Data Visualization,102.14
Deep Learning Engineer,Executive,Part-time,Denmark,Medium,Denmark,No remote,Associate,16,Government,2351,7.4,Machine Intelligence Group,Kubernetes,Python,Computer Vision,Mathematics,Git,228.87
Data Analyst,Entry,Freelance,Australia,Small,Australia,Fully remote,Associate,0,Education,1052,8.3,DeepTech Ventures,Java,SQL,NLP,AWS,Kubernetes,48.25
ML Ops Engineer,Senior,Contract,Israel,Large,Israel,No remote,PhD,7,Real Estate,811,9.1,Cloud AI Solutions,GCP,Docker,Linux,R,TensorFlow,156.77
AI Specialist,Executive,Freelance,China,Small,China,Hybrid,Bachelor,12,Manufacturing,1687,6.7,Smart Analytics,Deep Learning,Tableau,AWS,Scala,PyTorch,192.83
Robotics Engineer,Senior,Part-time,South Korea,Medium,South Korea,Fully remote,Master,5,Transportation,1923,5.8,Digital Transformation LLC,Hadoop,Scala,Docker,Python,R,124.36
Machine Learning Researcher,Executive,Full-time,Austria,Large,Austria,No remote,PhD,19,Technology,2425,9.9,AI Innovations,Python,TensorFlow,GCP,Git,Amazon SageMaker,338.45
Autonomous Systems Engineer,Entry,Freelance,Netherlands,Small,Netherlands,Fully remote,Master,1,Gaming,2210,9.3,Quantum Computing Inc,PyTorch,Kubernetes,Scala,Java,Linux,68.92
AI Research Scientist,Senior,Full-time,Sweden,Medium,Sweden,No remote,PhD,8,Finance,1490,8.0,Machine Intelligence Group,Spark,Data Visualization,Statistics,Hadoop,SQL,169.93
Data Engineer,Executive,Contract,Ireland,Small,Ireland,Hybrid,Associate,10,Consulting,2105,7.5,Autonomous Tech,AWS,MLOps,R,Docker,NLP,212.87
AI Consultant,Executive,Part-time,Finland,Large,Finland,Fully remote,Master,13,Energy,1288,6.3,TechCorp Inc,Computer Vision,Spark,SQL,Mathematics,Azure,235.19
Data Scientist,Mid,Contract,Canada,Medium,Canada,Hybrid,Bachelor,2,Finance,1125,7.8,Algorithmic Solutions,Python,SQL,Tableau,Statistics,Hadoop,88.45
ML Ops Engineer,Senior,Freelance,United States,Large,United States,No remote,Master,10,Technology,1740,8.2,Cloud AI Solutions,Docker,Kubernetes,Python,AWS,AWS,175.3
AI Research Scientist,Entry,Full-time,Germany,Small,Germany,Fully remote,PhD,0,Healthcare,950,6.5,DeepTech Ventures,PyTorch,Deep Learning,Mathematics,NaN,NaN,55.2
Computer Vision Engineer,Senior,Part-time,Switzerland,Medium,Switzerland,Hybrid,Master,5,Automotive,1480,9.1,Autonomous Tech,Computer Vision,Python,TensorFlow,OpenCV,Statistics,145.6
Head of AI,Executive,Contract,United Kingdom,Large,United Kingdom,No remote,PhD,14,Finance,2100,9.5,Quantum Computing Inc,TensorFlow,PyTorch,AWS,Scala,Spark,285.5
NLP Engineer,Senior,Full-time,India,Small,India,Fully remote,Bachelor,7,Media,1620,7.0,TechCorp Inc,NLP,Python,Transformers,Git,NaN,110.25
Data Engineer,Entry,Part-time,Netherlands,Medium,Netherlands,Hybrid,Associate,1,Telecommunications,1050,6.8,DataVision Ltd,SQL,Python,Spark,Airflow,Kubernetes,62.75
AI Architect,Executive,Freelance,Sweden,Small,Sweden,Fully remote,Master,18,Gaming,2300,8.9,Neural Networks Co,System Design,Python,MLOps,Azure,NaN,250.8
Robotics Engineer,Mid,Freelance,China,Large,China,No remote,PhD,3,Manufacturing,1340,5.5,Advanced Robotics,ROS,C++,Python,Computer Vision,Mathematics,95.1
AI Consultant,Senior,Contract,Norway,Medium,Norway,Hybrid,Bachelor,11,Consulting,1890,7.6,Predictive Systems,Leadership,Python,GCP,SQL,Java,160.95
Machine Learning Researcher,Entry,Contract,South Korea,Small,South Korea,Fully remote,Master,0,Education,880,7.2,Cognitive Computing,Statistics,R,Python,NaN,NaN,48.3
AI Specialist,Senior,Full-time,France,Large,France,No remote,Master,9,Energy,1710,8.4,Smart Analytics,Deep Learning,PyTorch,Linux,Docker,Deep Learning,138.7
Principal Data Scientist,Executive,Part-time,Israel,Medium,Israel,Hybrid,PhD,15,Retail,2200,9.8,Machine Intelligence Group,Product Strategy,SQL,Python,Tableau,NaN,275.4
Autonomous Systems Engineer,Mid,Full-time,Denmark,Small,Denmark,Fully remote,Bachelor,4,Transportation,1280,8.1,Future Systems,Control Systems,Python,Simulation,NaN,NaN,105.5
Data Analyst,Senior,Freelance,Australia,Large,Australia,No remote,Associate,6,Government,1550,6.0,Digital Transformation LLC,Excel,SQL,Tableau,Python,Data Visualization,120.15
Deep Learning Engineer,Executive,Contract,Austria,Medium,Austria,Fully remote,PhD,12,Technology,1980,7.9,Algorithmic Solutions,Computer Vision,TensorFlow,C++,Git,Computer Vision,220.0
AI Product Manager,Senior,Part-time,Singapore,Small,Singapore,Hybrid,Master,8,Consulting,1680,8.7,AI Innovations,Product Management,Python,AWS,ML Fundamentals,NaN,155.8
Research Scientist,Executive,Full-time,Japan,Large,Japan,No remote,PhD,17,Education,2125,9.0,Cognitive Computing,Research Methodology,Python,Statistical Modeling,R,NaN,230.65
AI Software Engineer,Entry,Freelance,Ireland,Medium,Ireland,Fully remote,Bachelor,0,Gaming,910,5.8,DeepTech Ventures,Java,Python,SQL,Git,Docker,70.4
Machine Learning Engineer,Executive,Freelance,Finland,Large,Finland,Hybrid,Master,13,Healthcare,2050,8.3,Neural Networks Co,PyTorch,Scikit-learn,MLOps,Kubernetes,NaN,210.35
Data Scientist,Senior,Full-time,United States,Large,United States,Hybrid,Master,6,Finance,1245,8.2,TechCorp Inc,Python,SQL,TensorFlow,Statistics,NaN,145.3
Computer Vision Engineer,Entry,Contract,India,Small,India,Fully remote,Bachelor,0,Gaming,850,6.7,Neural Networks Co,PyTorch,Java,OpenCV,NaN,Spark,42.15
AI Architect,Executive,Freelance,Switzerland,Medium,Switzerland,No remote,PhD,15,Healthcare,1800,9.5,DeepTech Ventures,Deep Learning,Kubernetes,AWS,Scala,NaN,280.5
NLP Engineer,Mid,Part-time,Germany,Large,Germany,Hybrid,Master,3,Media,1100,7.1,Quantum Computing Inc,Python,NLP,Transformers,Git,NaN,88.6
Head of AI,Executive,Full-time,United Kingdom,Small,United Kingdom,Hybrid,PhD,20,Consulting,2100,6.8,Algorithmic Solutions,MLOps,Python,Azure,Data Visualization,Tableau,310.75
Research Scientist,Entry,Freelance,Canada,Medium,Canada,Fully remote,Master,1,Automotive,950,5.5,Autonomous Tech,R,Statistics,Hadoop,NaN,NaN,55.4
ML Ops Engineer,Executive,Contract,Netherlands,Large,Netherlands,No remote,Bachelor,11,Technology,1580,8.9,Cloud AI Solutions,Docker,Kubernetes,Python,Linux,Docker,225.0
AI Software Engineer,Mid,Full-time,France,Small,France,No remote,PhD,4,Telecommunications,1400,7.8,Future Systems,Java,Spring,SQL,GCP,NaN,105.2
Data Analyst,Entry,Part-time,Australia,Medium,Australia,Hybrid,Associate,0,Real Estate,720,6.0,DataVision Ltd,SQL,Excel,Tableau,NaN,NaN,48.9
Research Scientist,Senior,Freelance,China,Large,China,Fully remote,PhD,7,Government,1650,9.1,Machine Intelligence Group,Mathematics,PyTorch,C++,Linux,Mathematics,135.8
AI Consultant,Executive,Full-time,Norway,Medium,Norway,No remote,Master,18,Manufacturing,1950,7.4,Predictive Systems,TensorFlow,Computer Vision,GCP,NaN,NaN,265.4
AI Product Manager,Mid,Contract,Singapore,Small,Singapore,Fully remote,Master,2,Retail,600,5.2,Smart Analytics,Agile,Python,Data Visualization,NaN,NaN,72.5
Autonomous Systems Engineer,Senior,Part-time,Sweden,Large,Sweden,Hybrid,Bachelor,8,Transportation,1750,8.5,Advanced Robotics,ROS,Python,C++,Linux,Java,155.6
Principal Data Scientist,Executive,Freelance,Denmark,Small,Denmark,No remote,PhD,10,Energy,1350,9.9,Cognitive Computing,Scala,Spark,MLOps,Deep Learning,NaN,240.0
Machine Learning Researcher,Senior,Full-time,Israel,Medium,Israel,Fully remote,PhD,5,Technology,2000,6.5,AI Innovations,PyTorch,NLP,AWS,Git,NaN,162.1
Robotics Engineer,Entry,Freelance,Japan,Large,Japan,No remote,Associate,0,Manufacturing,900,7.0,Digital Transformation LLC,C++,Python,ROS,Git,Computer Vision,60.3
Deep Learning Engineer,Executive,Contract,South Korea,Medium,South Korea,Hybrid,Master,13,Education,2200,8.0,Autonomous Tech,TensorFlow,Keras,Python,Docker,NaN,195.5
AI Specialist,Entry,Part-time,Austria,Small,Austria,Fully remote,Bachelor,1,Media,780,5.8,Neural Networks Co,Python,SQL,Statistics,NaN,NaN,52.8
Data Engineer,Senior,Freelance,Ireland,Large,Ireland,No remote,Associate,9,Consulting,1280,9.2,TechCorp Inc,Spark,SQL,Airflow,Python,NaN,128.75
Machine Learning Engineer,Executive,Full-time,Finland,Medium,Finland,Hybrid,PhD,14,Automotive,1900,7.6,Quantum Computing Inc,Python,MLOps,Azure,Tableau,NaN,210.0
Data Scientist,Entry,Part-time,Canada,Small,Canada,Hybrid,Master,2,Finance,1234,7.8,Predictive Systems,Python,SQL,Tableau,Git,Docker,68.5
AI Architect,Executive,Contract,United States,Large,United States,No remote,PhD,14,Technology,1899,8.9,DeepTech Ventures,PyTorch,Deep Learning,Kubernetes,Data Visualization,AWS,245.3
Machine Learning Engineer,Senior,Freelance,Germany,Medium,Germany,Fully remote,Bachelor,5,Automotive,1547,6.5,Quantum Computing Inc,TensorFlow,Python,AWS,Scala,Statistics,125.0
Research Scientist,Entry,Part-time,United Kingdom,Small,United Kingdom,Hybrid,Master,0,Healthcare,875,5.9,Neural Networks Co,Linux,R,Statistics,,,45.2
Head of AI,Executive,Full-time,Switzerland,Large,Switzerland,No remote,PhD,10,Finance,2100,9.5,Advanced Robotics,Azure,Python,MLOps,Computer Vision,Spark,310.0
Computer Vision Engineer,Mid,Freelance,India,Medium,India,Fully remote,Master,3,Gaming,1450,7.1,Digital Transformation LLC,PyTorch,Computer Vision,GCP,NLP,Deep Learning,88.9
AI Consultant,Executive,Contract,Norway,Small,Norway,Hybrid,Associate,18,Energy,1700,6.4,Autonomous Tech,Java,Hadoop,Linux,Mathematics,,195.5
AI Software Engineer,Senior,Full-time,France,Large,France,No remote,Master,6,Telecommunications,1680,8.0,TechCorp Inc,Scala,Docker,Python,Spark,Mathematics,148.7
Data Engineer,Entry,Contract,Netherlands,Medium,Netherlands,No remote,Bachelor,1,Consulting,1120,5.5,Machine Intelligence Group,SQL,Spark,Docker,Git,Java,55.3
ML Ops Engineer,Executive,Full-time,Israel,Large,Israel,Fully remote,Bachelor,12,Technology,2200,7.8,Cloud AI Solutions,Kubernetes,MLOps,Python,TensorFlow,,225.0
NLP Engineer,Senior,Freelance,China,Small,China,Fully remote,PhD,7,Media,1955,8.5,Algorithmic Solutions,NLP,Python,Azure,Tableau,Computer Vision,135.6
Autonomous Systems Engineer,Mid,Part-time,Sweden,Medium,Sweden,Hybrid,Associate,4,Transportation,1300,6.9,Future Systems,Git,Scala,Java,,,105.4
Robotics Engineer,Entry,Contract,Japan,Small,Japan,No remote,PhD,0,Manufacturing,940,9.0,Predictive Systems,R,Linux,PyTorch,Mathematics,Hadoop,49.8
AI Research Scientist,Senior,Freelance,South Korea,Medium,South Korea,No remote,Master,9,Education,2050,7.5,AI Innovations,Deep Learning,Statistics,GCP,Python,Data Visualization,165.3
Principal Data Scientist,Executive,Part-time,Denmark,Large,Denmark,Fully remote,Bachelor,16,Government,1600,6.8,Cognitive Computing,SQL,Python,Hadoop,Data Visualization,,255.0
AI Specialist,Senior,Full-time,Australia,Small,Australia,Hybrid,PhD,8,Retail,1880,8.2,Smart Analytics,Tableau,AWS,Scala,Spark,,140.2
Deep Learning Engineer,Executive,Freelance,Austria,Medium,Austria,Fully remote,Master,11,Technology,2350,9.1,DataVision Ltd,TensorFlow,Docker,Computer Vision,Linux,PyTorch,285.6
Data Analyst,Executive,Part-time,Ireland,Large,Ireland,No remote,Associate,13,Real Estate,1780,5.7,Quantum Computing Inc,Mathematics,SQL,Tableau,Python,Git,175.0
AI Product Manager,Entry,Full-time,Singapore,Small,Singapore,Hybrid,Bachelor,2,Media,1200,7.3,Autonomous Tech,Azure,Git,Statistics,,,72.0
Machine Learning Researcher,Executive,Contract,Finland,Medium,Finland,Fully remote,PhD,15,Healthcare,2500,8.0,DeepTech Ventures,Python,PyTorch,Kubernetes,NLP,,275.4
Data Scientist,Mid,Full-time,Germany,Medium,Germany,Hybrid,Master,2,Finance,1542,7.8,TechCorp Inc,Python,SQL,Tableau,Statistics,NaN,89.32
AI Architect,Executive,Contract,United States,Large,United States,No remote,PhD,14,Technology,2011,8.1,Quantum Computing Inc,TensorFlow,PyTorch,AWS,Kubernetes,Docker,265.4
Machine Learning Engineer,Entry,Freelance,India,Small,India,Fully remote,Bachelor,0,Healthcare,1123,6.5,Autonomous Tech,Java,Scala,Spark,NaN,NaN,45.11
AI Research Scientist,Senior,Part-time,Switzerland,Medium,Switzerland,Hybrid,PhD,7,Consulting,1890,9.2,Neural Networks Co,Mathematics,Python,Deep Learning,Git,AWS,178.55
Computer Vision Engineer,Mid,Freelance,Canada,Large,Canada,No remote,Associate,4,Automotive,756,7.0,DataVision Ltd,PyTorch,Linux,GCP,R,NaN,95.67
Head of AI,Executive,Full-time,United Kingdom,Small,United Kingdom,Fully remote,Master,11,Media,1705,8.8,Algorithmic Solutions,Hadoop,SQL,Azure,Data Visualization,Statistics,220.19
NLP Engineer,Entry,Contract,Netherlands,Medium,Netherlands,No remote,Master,1,Gaming,1345,5.9,Future Systems,Git,R,NLP,Scala,NaN,58.44
AI Consultant,Executive,Freelance,Denmark,Large,Denmark,Hybrid,Bachelor,19,Energy,2248,7.3,Cognitive Computing,Docker,Kubernetes,MLOps,Computer Vision,Spark,288.91
ML Ops Engineer,Senior,Part-time,France,Small,France,Fully remote,PhD,5,Telecommunications,987,9.5,DeepTech Ventures,Python,Azure,Linux,NaN,NaN,141.76
Data Analyst,Executive,Contract,Norway,Medium,Norway,No remote,Associate,15,Government,1502,6.4,Predictive Systems,Tableau,Data Visualization,Python,Mathematics,Deep Learning,198.03
Robotics Engineer,Mid,Full-time,South Korea,Large,South Korea,Fully remote,Bachelor,3,Manufacturing,1100,7.9,Smart Analytics,C++,Python,ROS,NaN,NaN,85.4
AI Specialist,Executive,Freelance,China,Small,China,Hybrid,PhD,13,Retail,2099,9.0,Machine Intelligence Group,Scala,Java,Hadoop,NLP,NaN,184.27
Data Engineer,Entry,Contract,Australia,Medium,Australia,No remote,Associate,0,Education,943,5.5,Cloud AI Solutions,SQL,Spark,Docker,NaN,NaN,52.18
Research Scientist,Executive,Part-time,Sweden,Large,Sweden,Fully remote,Master,18,Transportation,1368,8.3,Advanced Robotics,Linux,Git,PyTorch,Statistics,Computer Vision,254.66
Autonomous Systems Engineer,Senior,Freelance,Israel,Small,Israel,No remote,Bachelor,6,Real Estate,1632,7.2,Digital Transformation LLC,Python,MATLAB,Computer Vision,Deep Learning,NaN,125.94
Deep Learning Engineer,Executive,Full-time,Austria,Medium,Austria,Hybrid,PhD,10,Technology,1776,8.9,AI Innovations,TensorFlow,Keras,Python,GCP,NaN,211.33
AI Product Manager,Mid,Part-time,Singapore,Large,Singapore,No remote,Master,2,Finance,1294,6.8,TechCorp Inc,SQL,Data Analysis,Tableau,NaN,NaN,78.9
Principal Data Scientist,Executive,Contract,Japan,Small,Japan,Fully remote,Associate,16,Consulting,2110,5.8,Algorithmic Solutions,R,Python,MLOps,Spark,Java,237.45
Data Scientist,Senior,Freelance,Ireland,Medium,Ireland,Hybrid,Bachelor,8,Energy,1450,7.6,Autonomous Tech,Python,Statistics,AWS,Git,NaN,148.02
AI Software Engineer,Entry,Contract,Finland,Large,Finland,Fully remote,PhD,0,Gaming,1803,9.3,Neural Networks Co,Scala,Java,Kubernetes,Docker,NaN,63.55
Data Analyst,Entry,Contract,Spain,Medium,Spain,Hybrid,Bachelor,2,Finance,876,6.8,DataVision Ltd,SQL,Python,Tableau,Statistics,,62.15
Machine Learning Engineer,Senior,Contract,United States,Large,United States,No remote,Master,10,Technology,876,8.1,Neural Networks Co,Python,TensorFlow,Kubernetes,MLOps,Spark,185.4
AI Research Scientist,Entry,Freelance,Canada,Small,Canada,Fully remote,PhD,0,Healthcare,1204,7.5,Quantum Computing Inc,PyTorch,Deep Learning,Mathematics,,,55.8
Computer Vision Engineer,Mid,Part-time,Germany,Medium,Germany,Hybrid,Master,5,Automotive,1520,9.2,Autonomous Tech,Computer Vision,Python,TensorFlow,PyTorch,,110.25
Head of AI,Executive,Part-time,Switzerland,Large,Switzerland,No remote,PhD,18,Finance,1520,8.9,Algorithmic Solutions,AWS,Deep Learning,Scala,Kubernetes,Data Visualization,310.5
NLP Engineer,Mid,Full-time,United Kingdom,Small,France,Fully remote,Master,3,Media,1980,6.5,Cognitive Computing,NLP,Python,Git,Linux,,88.9
AI Architect,Executive,Full-time,Denmark,Medium,Denmark,Hybrid,Master,14,Telecommunications,1980,7.0,TechCorp Inc,Python,SQL,GCP,Azure,Docker,240.75
Data Engineer,Entry,Contract,India,Large,India,No remote,Bachelor,1,Technology,650,5.5,Future Systems,SQL,Spark,Python,,,45.2
Research Scientist,Senior,Freelance,China,Small,China,Fully remote,PhD,7,Government,2400,8.0,Machine Intelligence Group,PyTorch,Hadoop,Statistics,R,,135.0
Principal Data Scientist,Executive,Freelance,United States,Medium,United States,No remote,PhD,20,Energy,2400,9.5,Predictive Systems,Python,TensorFlow,Spark,MLOps,Java,350.0
Robotics Engineer,Entry,Part-time,Japan,Large,Japan,Hybrid,Master,0,Manufacturing,1850,7.8,Advanced Robotics,Linux,Python,C++,,,52.3
AI Consultant,Senior,Part-time,Norway,Small,Norway,Fully remote,Associate,9,Consulting,1850,6.0,Smart Analytics,SQL,Tableau,Python,Data Visualization,Mathematics,160.8
AI Specialist,Mid,Full-time,Singapore,Medium,Singapore,No remote,Bachelor,4,Retail,530,5.0,DeepTech Ventures,Python,Git,AWS,,,85.5
ML Ops Engineer,Executive,Full-time,Israel,Large,Israel,No remote,Master,12,Technology,530,8.8,Cloud AI Solutions,Docker,Kubernetes,Python,MLOps,,220.1
Autonomous Systems Engineer,Entry,Freelance,Sweden,Small,Netherlands,Fully remote,PhD,2,Transportation,1400,9.0,Autonomous Tech,Python,Computer Vision,Linux,,,78.4
Data Scientist,Executive,Freelance,South Korea,Medium,South Korea,Hybrid,Bachelor,16,Education,1400,7.2,Digital Transformation LLC,R,Python,SQL,Data Visualization,Statistics,195.3
AI Software Engineer,Entry,Contract,Australia,Large,Australia,No remote,Associate,1,Gaming,2100,6.2,AI Innovations,C++,Python,Unity,,,68.75
Deep Learning Engineer,Senior,Contract,France,Medium,France,Fully remote,PhD,6,Healthcare,2100,8.3,Neural Networks Co,TensorFlow,PyTorch,Keras,Docker,AWS,145.6
AI Product Manager,Senior,Full-time,Ireland,Small,Ireland,Hybrid,Master,8,Technology,1100,9.8,Quantum Computing Inc,SQL,Tableau,Python,Statistics,,170.0
AI Consultant,Entry,Full-time,Finland,Large,Finland,No remote,Bachelor,0,Education,1100,5.9,Cognitive Computing,Java,Scala,Docker,,,50.0
Data Scientist,Mid,Contract,United States,Medium,United States,Hybrid,Master,3,Technology,1450,7.2,DataVision Ltd,Python,SQL,Statistics,Git,Statistics,95.4
Head of AI,Executive,Full-time,Switzerland,Large,Switzerland,No remote,PhD,11,Finance,1800,8.9,AI Innovations,Deep Learning,Python,AWS,PyTorch,AWS,248.0
Data Engineer,Entry,Freelance,India,Small,India,Fully remote,Bachelor,0,Consulting,1250,6.5,TechCorp Inc,Spark,Scala,Java,Linux,Java,35.2
Machine Learning Engineer,Senior,Part-time,Germany,Medium,Germany,Hybrid,Master,7,Automotive,1650,8.0,Autonomous Tech,TensorFlow,Kubernetes,Docker,Python,Docker,145.3
AI Architect,Executive,Contract,Canada,Small,Canada,No remote,PhD,20,Telecommunications,2200,7.5,Quantum Computing Inc,MLOps,Azure,Mathematics,GCP,Mathematics,275.6
Computer Vision Engineer,Mid,Freelance,China,Large,China,Fully remote,Associate,2,Gaming,1100,5.8,Neural Networks Co,PyTorch,Computer Vision,Deep Learning,C++,Deep Learning,88.9
Research Scientist,Executive,Part-time,United Kingdom,Large,United Kingdom,No remote,PhD,14,Energy,1950,9.2,Machine Intelligence Group,R,Statistics,Hadoop,Python,Hadoop,220.7
ML Ops Engineer,Entry,Full-time,Israel,Small,Israel,No remote,Bachelor,1,Technology,1350,7.8,Predictive Systems,Docker,Kubernetes,Spark,Linux,Spark,70.5
AI Consultant,Senior,Contract,Sweden,Medium,Sweden,Hybrid,Master,5,Government,1550,6.9,Cognitive Computing,SQL,Tableau,Data Visualization,Python,Data Visualization,118.4
Robotics Engineer,Executive,Full-time,Japan,Large,Japan,No remote,PhD,18,Manufacturing,2400,8.3,Advanced Robotics,ROS,Python,Computer Vision,C++,Computer Vision,310.0
NLP Engineer,Entry,Part-time,France,Medium,France,Fully remote,Master,0,Media,1050,5.5,Smart Analytics,NLP,Python,Git,PyTorch,Git,42.1
AI Software Engineer,Senior,Freelance,Singapore,Small,Singapore,Fully remote,Bachelor,9,Retail,1750,7.1,Algorithmic Solutions,Java,Spring,Azure,SQL,Azure,125.9
Data Analyst,Mid,Full-time,Australia,Large,Australia,Hybrid,Associate,4,Healthcare,1400,6.2,Digital Transformation LLC,Excel,SQL,Scala,Tableau,Scala,85.3
Deep Learning Engineer,Executive,Freelance,South Korea,Medium,South Korea,No remote,PhD,12,Telecommunications,2100,9.5,DeepTech Ventures,TensorFlow,PyTorch,Keras,Python,PyTorch,195.0
Autonomous Systems Engineer,Entry,Contract,Netherlands,Small,Netherlands,Hybrid,Master,0,Transportation,1200,8.4,Future Systems,C++,Python,Linux,ROS,Linux,55.8
AI Specialist,Executive,Part-time,Norway,Large,Norway,Fully remote,Bachelor,15,Education,2050,7.3,Cloud AI Solutions,AWS,GCP,Azure,Terraform,GCP,190.5
Principal Data Scientist,Senior,Full-time,Austria,Medium,Austria,No remote,PhD,6,Finance,1600,8.8,Quantum Computing Inc,Statistics,Machine Learning,TensorFlow,Python,TensorFlow,160.0
AI Product Manager,Entry,Freelance,Denmark,Small,Denmark,Fully remote,Associate,1,Gaming,1300,6.0,TechCorp Inc,Agile,Product Management,Kubernetes,SQL,Kubernetes,65.4
Machine Learning Researcher,Executive,Contract,Ireland,Small,Ireland,Hybrid,PhD,10,Media,1900,9.0,Neural Networks Co,Research,Python,SQL,PyTorch,SQL,215.0
AI Research Scientist,Senior,Part-time,Finland,Large,Finland,No remote,Master,8,Healthcare,1700,7.6,Algorithmic Solutions,Python,R,Statistics,Deep Learning,R,138.7
Data Scientist,Mid,Contract,United States,Medium,United States,Hybrid,Master,3,Technology,1215,8.0,AI Innovations,Python,SQL,Deep Learning,Spark,Docker,95.4
AI Architect,Senior,Freelance,Germany,Large,Germany,No remote,PhD,10,Finance,1890,7.8,Quantum Computing Inc,PyTorch,Scala,Kubernetes,AWS,Statistics,185.3
Computer Vision Engineer,Entry,Full-time,Canada,Small,Canada,Fully remote,Bachelor,0,Automotive,950,6.5,DeepTech Ventures,Computer Vision,Python,TensorFlow,Git,,55.0
Head of AI,Executive,Part-time,Switzerland,Medium,Switzerland,Hybrid,PhD,18,Healthcare,2100,9.2,Algorithmic Solutions,Deep Learning,Spark,Linux,MLOps,AWS,310.75
NLP Engineer,Senior,Contract,United Kingdom,Large,Ireland,No remote,Master,6,Media,1550,7.0,Cognitive Computing,NLP,TensorFlow,Python,R,Java,128.4
Data Analyst,Entry,Freelance,South Korea,Small,South Korea,Fully remote,Associate,1,Manufacturing,1050,5.5,TechCorp Inc,SQL,Tableau,Data Visualization,,,48.2
ML Ops Engineer,Executive,Full-time,Denmark,Small,Denmark,Hybrid,Bachelor,12,Consulting,1750,8.8,Predictive Systems,MLOps,Docker,Kubernetes,Azure,Mathematics,240.0
Robotics Engineer,Mid,Part-time,Japan,Medium,Japan,No remote,Master,4,Energy,1300,6.8,Autonomous Tech,Linux,PyTorch,Kubernetes,Computer Vision,,110.5
Research Scientist,Senior,Freelance,Austria,Large,Austria,Fully remote,PhD,9,Government,1650,7.5,Neural Networks Co,Statistics,Hadoop,PyTorch,Scala,Spark,165.9
AI Research Scientist,Entry,Contract,Netherlands,Large,Netherlands,Hybrid,PhD,0,Telecommunications,1100,9.0,Future Systems,Java,Deep Learning,AWS,,,70.85
AI Consultant,Executive,Contract,India,Medium,India,No remote,Master,15,Retail,2050,6.0,Digital Transformation LLC,Azure,Git,Python,SQL,Data Visualization,220.3
AI Specialist,Mid,Full-time,Singapore,Small,Singapore,Fully remote,Bachelor,2,Education,980,8.1,Machine Intelligence Group,GCP,Python,Tableau,Hadoop,,85.0
Machine Learning Engineer,Senior,Part-time,Sweden,Small,Sweden,No remote,Associate,7,Real Estate,1450,9.5,Cloud AI Solutions,TensorFlow,Docker,Scala,Mathematics,Deep Learning,145.6
Deep Learning Engineer,Executive,Freelance,Norway,Large,Norway,Hybrid,PhD,14,Gaming,1900,7.2,Advanced Robotics,Deep Learning,PyTorch,C++,Linux,Computer Vision,260.5
AI Product Manager,Senior,Contract,France,Medium,France,Fully remote,Master,5,Transportation,1380,6.9,DataVision Ltd,SQL,Python,NLP,Git,,135.0
Data Engineer,Entry,Freelance,Israel,Medium,Israel,No remote,Bachelor,1,Technology,890,5.8,Smart Analytics,Spark,Java,Docker,AWS,Hadoop,60.2
Principal Data Scientist,Executive,Full-time,China,Large,China,No remote,PhD,11,Finance,1600,8.3,Neural Networks Co,R,GCP,SQL,Data Visualization,,230.0
Machine Learning Researcher,Entry,Part-time,Australia,Small,Australia,Fully remote,Master,0,Consulting,1020,7.6,Autonomous Tech,Python,Scala,Git,PyTorch,,52.1
AI Software Engineer,Senior,Freelance,Finland,Medium,Finland,Hybrid,Associate,8,Energy,1800,9.0,Quantum Computing Inc,Kubernetes,TensorFlow,Python,Spark,MLOps,155.9
AI Architect,Executive,Full-time,Ireland,Small,Ireland,No remote,Master,17,Manufacturing,2250,9.8,Algorithmic Solutions,Linux,Hadoop,Azure,Statistics,,285.4
Data Scientist,Mid,Freelance,Germany,Medium,Germany,Hybrid,Master,2,Finance,1200,7.8,DataVision Ltd,Python,SQL,Tableau,Statistics,NaN,85.3
AI Architect,Executive,Full-time,United States,Large,United States,No remote,PhD,10,Technology,1850,9.1,Quantum Computing Inc,PyTorch,Python,Kubernetes,MLOps,Docker,250.0
Computer Vision Engineer,Entry,Contract,India,Small,India,Fully remote,Bachelor,0,Education,900,6.5,TechCorp Inc,Computer Vision,Python,TensorFlow,NaN,NaN,45.0
NLP Engineer,Senior,Part-time,United Kingdom,Medium,United Kingdom,Hybrid,Master,5,Healthcare,1500,8.2,Smart Analytics,NLP,Deep Learning,Python,Git,AWS,140.5
Research Scientist,Executive,Freelance,Switzerland,Small,Switzerland,No remote,PhD,15,Consulting,2200,9.5,Algorithmic Solutions,Mathematics,Statistics,R,Data Visualization,NaN,280.0
ML Ops Engineer,Entry,Part-time,Canada,Large,Canada,Fully remote,Bachelor,1,Telecommunications,1050,7.0,Cognitive Computing,Docker,Kubernetes,Linux,AWS,NaN,70.0
Data Engineer,Senior,Full-time,Norway,Medium,Norway,No remote,Associate,8,Energy,1700,6.0,Autonomous Tech,SQL,Python,Spark,Hadoop,Spark,130.0
AI Consultant,Executive,Contract,France,Small,France,Hybrid,Master,18,Government,2400,8.8,Predictive Systems,Statistics,Python,GCP,NaN,NaN,220.0
AI Product Manager,Mid,Contract,China,Large,China,Fully remote,PhD,3,Retail,1350,9.2,DeepTech Ventures,TensorFlow,Python,Deep Learning,SQL,Hadoop,110.0
AI Research Scientist,Senior,Freelance,Denmark,Medium,Denmark,No remote,PhD,7,Media,1600,7.5,Neural Networks Co,Deep Learning,PyTorch,Java,Scala,NaN,170.0
Robotics Engineer,Entry,Full-time,Japan,Small,Japan,Hybrid,Master,0,Automotive,850,5.5,Advanced Robotics,ROS,Python,C++,Linux,NaN,60.0
Principal Data Scientist,Executive,Part-time,Austria,Large,Austria,Fully remote,PhD,12,Manufacturing,2000,9.0,Machine Intelligence Group,Python,SQL,Mathematics,Computer Vision,NaN,210.0
Data Analyst,Mid,Freelance,Netherlands,Small,Netherlands,No remote,Associate,4,Real Estate,1400,6.8,Digital Transformation LLC,SQL,Excel,Tableau,Python,Statistics,75.0
Head of AI,Executive,Full-time,Sweden,Medium,Sweden,No remote,Master,17,Finance,2300,8.5,Future Systems,Strategy,Python,MLOps,NaN,NaN,300.0
Deep Learning Engineer,Senior,Contract,South Korea,Large,South Korea,Hybrid,Master,6,Gaming,1550,7.2,AI Innovations,TensorFlow,PyTorch,Computer Vision,Git,NaN,150.0
AI Specialist,Entry,Freelance,Australia,Medium,Australia,Fully remote,Bachelor,1,Transportation,1000,5.0,Cloud AI Solutions,Python,Java,Azure,NaN,NaN,55.0
Autonomous Systems Engineer,Senior,Part-time,Israel,Small,Israel,No remote,PhD,9,Technology,1800,8.0,Algorithmic Solutions,Computer Vision,Python,Kubernetes,Docker,Java,190.0
Machine Learning Researcher,Executive,Freelance,Ireland,Medium,Ireland,Fully remote,Bachelor,14,Consulting,2150,9.8,TechCorp Inc,R,Python,Statistics,Scala,NaN,260.0
AI Software Engineer,Mid,Full-time,Singapore,Large,Singapore,Hybrid,Associate,2,Education,1250,6.5,Neural Networks Co,Java,Python,SQL,GCP,NaN,95.0
Machine Learning Engineer,Executive,Contract,Finland,Small,Finland,No remote,Master,11,Energy,1950,7.9,Autonomous Tech,Python,PyTorch,Docker,Kubernetes,Data Visualization,180.0
Data Scientist,Senior,Contract,United Kingdom,Medium,United Kingdom,Hybrid,Master,5,Finance,1220,8.2,Cloud AI Solutions,Python,SQL,TensorFlow,Statistics,AWS,125.4
AI Architect,Executive,Freelance,Switzerland,Small,Switzerland,No remote,PhD,12,Technology,1890,7.8,Neural Networks Co,Deep Learning,Python,Kubernetes,GCP,PyTorch,275.8
Computer Vision Engineer,Entry,Full-time,South Korea,Large,South Korea,Fully remote,Bachelor,1,Gaming,1565,6.5,TechCorp Inc,PyTorch,Computer Vision,Linux,Scala,NaN,62.15
Head of AI,Executive,Part-time,United States,Large,United States,Hybrid,PhD,20,Healthcare,2140,9.1,Algorithmic Solutions,TensorFlow,AWS,MLOps,Data Visualization,NaN,350.0
ML Ops Engineer,Mid,Freelance,India,Small,India,No remote,Master,3,Consulting,890,5.9,Predictive Systems,Kubernetes,Python,Azure,Git,Docker,85.2
AI Research Scientist,Senior,Full-time,Canada,Medium,Canada,Fully remote,PhD,7,Energy,1780,8.9,Quantum Computing Inc,Mathematics,PyTorch,NLP,R,NaN,148.75
Data Engineer,Entry,Contract,Germany,Large,France,No remote,Bachelor,0,Media,1050,7.0,Advanced Robotics,SQL,Java,Hadoop,Docker,Spark,55.3
Deep Learning Engineer,Executive,Contract,Norway,Small,Norway,Hybrid,Master,10,Telecommunications,1420,6.3,DataVision Ltd,Python,TensorFlow,Computer Vision,Scala,NaN,190.4
Robotics Engineer,Mid,Part-time,Japan,Medium,Japan,Fully remote,Associate,2,Automotive,1650,7.4,Autonomous Tech,C++,Linux,PyTorch,Git,Statistics,95.6
AI Consultant,Executive,Full-time,Denmark,Large,Denmark,No remote,PhD,14,Government,2050,8.0,Machine Intelligence Group,Scala,Spark,Cloud Computing,Tableau,NaN,230.5
NLP Engineer,Mid,Freelance,Netherlands,Small,Netherlands,Hybrid,Master,4,Education,1100,9.5,Digital Transformation LLC,NLP,Python,Deep Learning,AWS,NaN,110.25
Principal Data Scientist,Executive,Part-time,Ireland,Medium,Ireland,Fully remote,Bachelor,18,Retail,2350,7.1,Smart Analytics,R,Statistics,Python,Hadoop,Kubernetes,280.9
Autonomous Systems Engineer,Senior,Contract,China,Large,China,No remote,Bachelor,6,Transportation,1680,8.5,Future Systems,MATLAB,Simulink,Python,Docker,NaN,135.8
AI Specialist,Entry,Part-time,Australia,Small,Australia,Hybrid,Associate,0,Manufacturing,960,6.0,Cognitive Computing,Python,SQL,Tableau,Git,Java,58.9
Research Scientist,Senior,Freelance,Austria,Medium,Austria,Fully remote,PhD,9,Technology,1340,9.2,AI Innovations,GCP,PyTorch,Azure,Scala,NaN,155.3
Machine Learning Engineer,Executive,Full-time,Israel,Large,Israel,No remote,Master,15,Finance,2200,7.7,DeepTech Ventures,Spark,MLOps,Kubernetes,Statistics,NaN,265.4
AI Product Manager,Senior,Part-time,Sweden,Large,Sweden,Hybrid,Bachelor,8,Energy,1750,6.8,Cloud AI Solutions,Agile,Python,SQL,Data Visualization,Mathematics,145.0
Data Analyst,Executive,Freelance,Finland,Small,Finland,Fully remote,Associate,11,Real Estate,1950,9.8,Autonomous Tech,Excel,SQL,Tableau,Python,NaN,168.2
Machine Learning Researcher,Entry,Full-time,Singapore,Medium,Singapore,Fully remote,PhD,0,Consulting,1300,8.1,Algorithmic Solutions,PyTorch,TensorFlow,GCP,Computer Vision,NaN,75.45
AI Software Engineer,Executive,Contract,France,Medium,France,Hybrid,Master,16,Media,2480,6.1,Quantum Computing Inc,Java,Docker,R,NLP,Data Visualization,215.7
Data Scientist,Mid,Freelance,Germany,Medium,Germany,Hybrid,Master,3,Finance,1542,7.8,Quantum Computing Inc,Python,SQL,TensorFlow,NaN,NaN,98.52
ML Ops Engineer,Executive,Contract,United States,Large,Canada,Fully remote,Bachelor,12,Technology,1876,8.1,Cloud AI Solutions,Kubernetes,Python,AWS,Git,Docker,235.4
AI Research Scientist,Entry,Full-time,United Kingdom,Small,United Kingdom,No remote,PhD,0,Healthcare,1105,6.5,Neural Networks Co,PyTorch,Mathematics,Deep Learning,Statistics,NaN,62.15
Computer Vision Engineer,Senior,Part-time,Switzerland,Small,Switzerland,Hybrid,Associate,8,Automotive,1340,9.2,Autonomous Tech,Computer Vision,Python,TensorFlow,NaN,NaN,155.78
AI Architect,Executive,Freelance,Denmark,Medium,Denmark,Fully remote,Master,16,Telecommunications,2250,7.0,Algorithmic Solutions,Scala,Spark,GCP,Data Visualization,AWS,280.3
Data Engineer,Entry,Contract,India,Large,India,No remote,Bachelor,1,Manufacturing,1920,5.8,DataVision Ltd,SQL,Java,Hadoop,NaN,NaN,45.9
NLP Engineer,Senior,Full-time,France,Medium,France,No remote,PhD,6,Media,1625,8.4,TechCorp Inc,NLP,Python,PyTorch,Linux,NaN,127.33
Principal Data Scientist,Executive,Contract,Canada,Large,Canada,Hybrid,Associate,14,Energy,1988,9.5,Smart Analytics,R,Tableau,Python,SQL,Statistics,218.9
AI Consultant,Mid,Freelance,Singapore,Small,Singapore,Fully remote,Master,4,Consulting,789,6.9,Future Systems,Deep Learning,Azure,MLOps,NaN,NaN,105.4
Head of AI,Executive,Part-time,Norway,Medium,Norway,No remote,PhD,18,Government,2430,5.6,DeepTech Ventures,Linux,Docker,Kubernetes,Java,NaN,312.5
Autonomous Systems Engineer,Mid,Full-time,Netherlands,Large,Netherlands,Hybrid,Bachelor,2,Transportation,1415,7.3,Cognitive Computing,C++,Python,ROS,NaN,NaN,85.67
AI Software Engineer,Executive,Freelance,Sweden,Small,Sweden,Fully remote,Associate,10,Retail,1745,8.8,Machine Intelligence Group,Git,Scala,Azure,Computer Vision,Docker,190.15
Research Scientist,Entry,Part-time,Japan,Medium,Japan,No remote,Master,0,Education,1020,9.0,Predictive Systems,Data Visualization,Statistics,R,NaN,NaN,55.22
Deep Learning Engineer,Senior,Contract,China,Large,China,No remote,PhD,7,Gaming,1510,7.5,Advanced Robotics,TensorFlow,PyTorch,Mathematics,C++,NaN,142.8
Data Analyst,Senior,Full-time,Australia,Large,Australia,Hybrid,Bachelor,5,Real Estate,2130,6.2,AI Innovations,SQL,Tableau,Python,Excel,Spark,110.25
Machine Learning Researcher,Executive,Part-time,Austria,Small,Austria,Fully remote,Master,11,Finance,2095,8.0,Digital Transformation LLC,Hadoop,Spark,Scala,NaN,NaN,255.75
AI Specialist,Entry,Freelance,Israel,Medium,Israel,Hybrid,Associate,1,Technology,1835,5.4,Quantum Computing Inc,Java,Linux,Docker,NaN,NaN,68.9
Robotics Engineer,Senior,Freelance,South Korea,Medium,South Korea,No remote,PhD,9,Manufacturing,1680,6.8,Autonomous Tech,C++,Python,ROS,Computer Vision,NaN,148.6
AI Product Manager,Executive,Full-time,Ireland,Large,Ireland,Hybrid,Master,15,Consulting,2315,9.1,Smart Analytics,Data Visualization,SQL,Python,Tableau,NaN,198.45
Machine Learning Engineer,Mid,Contract,Finland,Small,Finland,Fully remote,Bachelor,4,Energy,1250,7.9,TechCorp Inc,PyTorch,TensorFlow,GCP,NaN,NaN,92.3
AI Architect,Executive,Freelance,Germany,Medium,Germany,Hybrid,PhD,10,Technology,1542,8.2,DeepTech Ventures,Python,TensorFlow,Kubernetes,AWS,Docker,185.4
Data Scientist,Mid,Freelance,Canada,Large,Canada,Fully remote,Bachelor,2,Finance,918,7.5,Quantum Computing Inc,SQL,Python,Tableau,Statistics,,72.3
Research Scientist,Entry,Freelance,United Kingdom,Small,United Kingdom,No remote,Master,0,Healthcare,918,6.1,Cognitive Computing,PyTorch,Linux,GCP,,,45.8
Computer Vision Engineer,Senior,Freelance,Israel,Small,Israel,Hybrid,Associate,5,Automotive,1492,9.0,TechCorp Inc,Computer Vision,Python,Deep Learning,Git,Spark,128.5
Head of AI,Executive,Part-time,Switzerland,Large,Switzerland,No remote,PhD,14,Consulting,1767,7.8,Algorithmic Solutions,Scala,Deep Learning,Azure,MLOps,,265.2
ML Ops Engineer,Senior,Full-time,United States,Medium,United States,No remote,Master,6,Technology,1561,9.5,Cloud AI Solutions,Docker,Kubernetes,AWS,Python,AWS,155.75
AI Research Scientist,Executive,Contract,Norway,Medium,Norway,Fully remote,PhD,12,Energy,1911,6.9,Autonomous Tech,Mathematics,Python,PyTorch,NLP,,220.1
AI Specialist,Mid,Contract,France,Large,France,Hybrid,Bachelor,3,Telecommunications,1324,5.8,Neural Networks Co,Java,SQL,Hadoop,Linux,,88.45
Robotics Engineer,Executive,Full-time,China,Small,China,No remote,Associate,18,Manufacturing,2055,8.4,Smart Analytics,R,PyTorch,Computer Vision,Git,Statistics,235.6
AI Consultant,Executive,Part-time,Austria,Large,Austria,Hybrid,Master,15,Government,1464,7.2,Future Systems,Data Visualization,Spark,SQL,,,198.3
NLP Engineer,Senior,Part-time,Sweden,Small,Sweden,Fully remote,PhD,8,Media,614,9.1,DataVision Ltd,NLP,TensorFlow,Python,Mathematics,,165.1
Data Engineer,Entry,Contract,India,Medium,India,No remote,Bachelor,0,Education,1813,6.5,Machine Intelligence Group,Spark,Scala,Docker,Linux,Java,42.9
Principal Data Scientist,Executive,Freelance,Denmark,Large,Denmark,Fully remote,Master,11,Retail,2089,5.5,Predictive Systems,Git,Python,Tableau,R,,190.75
Machine Learning Engineer,Senior,Full-time,Netherlands,Medium,Netherlands,Hybrid,Associate,7,Gaming,1309,8.0,AI Innovations,AWS,SQL,MLOps,Scala,,135.2
Autonomous Systems Engineer,Mid,Full-time,South Korea,Small,South Korea,No remote,Master,4,Transportation,602,7.5,Advanced Robotics,Kubernetes,Hadoop,PyTorch,,,98.6
Deep Learning Engineer,Executive,Contract,Singapore,Large,Singapore,Fully remote,PhD,16,Finance,2439,9.3,Digital Transformation LLC,Deep Learning,Python,TensorFlow,Git,Computer Vision,278.9
AI Product Manager,Entry,Part-time,Japan,Large,Japan,Hybrid,Bachelor,1,Consulting,2027,8.8,Quantum Computing Inc,Azure,Statistics,Data Visualization,,,55.15
Data Analyst,Senior,Contract,Australia,Medium,Australia,No remote,Associate,9,Real Estate,1423,6.2,TechCorp Inc,Tableau,SQL,Python,R,,142.8
Machine Learning Researcher,Executive,Freelance,Finland,Small,Finland,Fully remote,PhD,13,Healthcare,2310,8.7,Algorithmic Solutions,GCP,Java,Linux,PyTorch,Mathematics,245.3
AI Software Engineer,Mid,Full-time,Ireland,Large,Ireland,No remote,Master,2,Manufacturing,919,9.0,Autonomous Tech,Python,Docker,Spark,SQL,,79.25
